Country,Year,Language,Country Code,Debt,Account Balance,Corruption,Foreign_Investment,GDP,Inflation,Ethnicity,Religion,unemployment,Natural Ressources,Infant Mortality,Neighborhood: conflicts,Neighborhood: war,War,Minor Conflict,Conflict,Onset,Internal,Interstate,Extrasymetric,Internationalised Civil Conflict,geo_point,proba_0,proba_1,prediction
Uganda,2018,0.9227,UGA,46.3417991856656,-9.339273771976279,26.0,4.869111556470116,2.274615022189039,2.61601190952266,0.9302,0.6332,1.74199998378754,13.856204656988801,33.8,1,0,0,0,0,0,0,0,0,0,POINT(32.216658 1.533355),0.8582266201068294,0.14177337989317063,0
Uganda,2019,0.9227,UGA,46.3417991856656,-9.339273771976279,26.0,4.869111556470116,2.274615022189039,2.61601190952266,0.9302,0.6332,1.78699994087219,13.856204656988801,33.8,0,0,0,0,0,0,0,0,0,0,POINT(32.216658 1.533355),0.909132245180426,0.090867754819574,0
Liberia,2018,0.9038,LBR,44.662935885490754,-20.652337588312765,32.0,3.9561812142553,-1.2297599645304444,23.563514895374198,0.9084,0.4883,2.0329999923706104,25.204099690318,53.5,0,0,0,0,0,0,0,0,0,0,POINT(-9.365852 5.749972),0.849651955875196,0.15034804412480393,0
Liberia,2019,0.9038,LBR,44.662935885490754,-20.652337588312765,32.0,3.9561812142553,-1.2297599645304444,23.563514895374198,0.9084,0.4883,2.0320000648498504,25.204099690318,53.5,0,0,0,0,0,0,0,0,0,0,POINT(-9.365852 5.749972),0.849651955875196,0.15034804412480393,0
Madagascar,2018,0.0204,MDG,31.758249314266983,0.5783571424154029,25.0,4.417940139774543,1.810248203554636,7.40419174202123,0.8791,0.5191,1.6590000391006499,10.284923444421999,38.2,0,0,0,0,0,0,0,0,0,0,POINT(46.441642 -18.92496),1.0,0.0,0
Madagascar,2019,0.0204,MDG,31.758249314266983,0.5783571424154029,25.0,4.417940139774543,1.810248203554636,7.40419174202123,0.8791,0.5191,1.6449999809265101,10.284923444421999,38.2,0,0,0,0,0,0,0,0,0,0,POINT(46.441642 -18.92496),1.0,0.0,0
"Congo, Dem. Rep.",2018,0.8705,COD,10.941272673228953,-4.592797073014568,20.0,2.7201152588932938,2.399910663972165,2.8858510729000897,0.8747,0.7021,4.1550002098083505,32.7024967375076,68.2,1,0,0,0,0,0,0,0,0,0,POINT(15.257513 -4.441883),0.6994362623928888,0.3005637376071112,0
"Congo, Dem. Rep.",2019,0.8705,COD,10.941272673228953,-4.592797073014568,20.0,2.7201152588932938,2.399910663972165,2.8858510729000897,0.8747,0.7021,4.27199983596802,32.7024967375076,68.2,0,0,0,0,0,0,0,0,0,0,POINT(15.257513 -4.441883),0.8373747692887128,0.16262523071128726,0
"Congo, Rep.",2018,0.6871,COG,51.12602448527478,-39.77015806934133,19.0,38.292481972142355,-1.5492440284501043,0.450063823285575,0.8747,0.6642,10.3819999694824,42.6682770319322,36.2,1,0,0,0,0,0,0,0,0,0,POINT(15.641916 -0.726433),0.7359516328910838,0.26404836710891627,0
"Congo, Rep.",2019,0.6871,COG,51.12602448527478,-39.77015806934133,19.0,38.292481972142355,-1.5492440284501043,0.450063823285575,0.8747,0.6642,10.3870000839233,42.6682770319322,36.2,0,0,0,0,0,0,0,0,0,0,POINT(15.641916 -0.726433),0.9532383204455407,0.04676167955445936,0
Cameroon,2018,0.8898,CMR,28.73682449267175,-3.6444152766999394,25.0,1.9783686276856287,1.3791919819664145,1.0688581131291601,0.8635,0.7338,3.3610000610351602,6.580438686452099,50.6,1,0,0,0,0,0,0,0,0,0,POINT(13.153581 4.612552),0.7767530686484521,0.22324693135154788,0
Cameroon,2019,0.8898,CMR,28.73682449267175,-3.6444152766999394,25.0,1.9783686276856287,1.3791919819664145,1.0688581131291601,0.8635,0.7338,3.33999991416931,6.580438686452099,50.6,0,0,0,0,0,0,0,0,0,0,POINT(13.153581 4.612552),0.8242712108564156,0.17572878914358434,0
Chad,2018,0.8635,TCD,29.291016615175824,-3.199137423278072,19.0,5.87421098222401,-0.4156641660308367,3.66990043400558,0.862,0.6411,2.22900009155273,21.9556724736543,71.4,1,0,0,0,0,0,0,0,0,0,POINT(19.015617 15.613414),0.580299351404956,0.41970064859504397,0
Chad,2019,0.8635,TCD,29.291016615175824,-3.199137423278072,19.0,5.87421098222401,-0.4156641660308367,3.66990043400558,0.862,0.6411,2.31900000572205,21.9556724736543,71.4,0,0,0,0,0,0,0,0,0,0,POINT(19.015617 15.613414),0.6578956087062366,0.34210439129376335,0
Kenya,2018,0.8859999999999999,KEN,36.14484245237636,-6.371804754463848,27.0,1.849566180707,3.8961529810206197,4.6898197612985895,0.8588,0.7765,9.3129997253418,2.4753755405443396,30.6,1,1,0,0,0,0,0,0,0,0,POINT(38.431398 1.441968),0.6762260354643026,0.3237739645356974,0
Kenya,2019,0.8859999999999999,KEN,36.14484245237636,-6.371804754463848,27.0,1.849566180707,3.8961529810206197,4.6898197612985895,0.8588,0.7765,9.30500030517578,2.4753755405443396,30.6,0,0,0,0,0,0,0,0,0,0,POINT(38.431398 1.441968),0.8462562993378475,0.15374370066215254,0
Nigeria,2018,0.8316,NGA,12.415290245671926,1.3427764380198006,27.0,0.5028034070799724,-0.6655790801877117,12.0947315505318,0.8505,0.7421,6.02600002288818,8.67350940399216,75.7,1,0,0,0,0,0,0,0,0,0,POINT(7.999972 9.600036),0.6750547019545203,0.3249452980454797,0
Nigeria,2019,0.8316,NGA,12.415290245671926,1.3427764380198006,27.0,0.5028034070799724,-0.6655790801877117,12.0947315505318,0.8505,0.7421,6.105999946594241,8.67350940399216,75.7,0,0,0,0,0,0,0,0,0,0,POINT(7.999972 9.600036),0.6083801853536596,0.39161981464634044,0
Central African Republic,2018,0.8334,CAF,32.65035206496285,-2.8990046272341847,26.0,0.8106124956054441,2.2247428479783764,37.1422148089365,0.8295,0.7916,6.4829998016357395,13.576052904496,84.5,1,0,0,0,0,0,0,0,0,0,POINT(19.998123 7.03236),0.5890502230609815,0.4109497769390184,0
Central African Republic,2019,0.8334,CAF,32.65035206496285,-2.8990046272341847,26.0,0.8106124956054441,2.2247428479783764,37.1422148089365,0.8295,0.7916,6.52199983596802,13.576052904496,84.5,0,0,0,0,0,0,0,0,0,0,POINT(19.998123 7.03236),0.6733521978392407,0.3266478021607593,0
Cote d'Ivoire,2018,0.7842,CIV,37.919094689683035,-2.7500688447781063,35.0,2.122573733972394,4.7256920985496285,0.43906277730713705,0.8204,0.7551,2.4800000190734903,3.31817353267964,59.4,1,0,0,0,0,0,0,0,0,0,POINT(-5.567946 7.989737),0.8407627468873802,0.15923725311261985,0
Cote d'Ivoire,2019,0.7842,CIV,37.919094689683035,-2.7500688447781063,35.0,2.122573733972394,4.7256920985496285,0.43906277730713705,0.8204,0.7551,2.4449999332428,3.31817353267964,59.4,0,0,0,0,0,0,0,0,0,0,POINT(-5.567946 7.989737),0.7911913806317697,0.20880861936823025,0
Sierra Leone,2018,0.7634,SLE,45.0946376114351,-15.816460400081795,30.0,5.331867767944084,1.2593277213953655,16.0327898535814,0.8191,0.5395,4.3130002021789595,22.1535122587578,78.5,0,0,0,0,0,0,0,0,0,0,POINT(-11.840027 8.640035),0.9056759767797347,0.09432402322026537,0
Sierra Leone,2019,0.7634,SLE,45.0946376114351,-15.816460400081795,30.0,5.331867767944084,1.2593277213953655,16.0327898535814,0.8191,0.5395,4.32999992370605,22.1535122587578,78.5,0,0,0,0,0,0,0,0,0,0,POINT(-11.840027 8.640035),0.9056759767797347,0.09432402322026537,0
Somalia,2018,0.0326,SOM,39.35444710111783,,10.0,8.663919262816679,-2.736255088132623,,0.8117,0.0028,13.956000328064,15.179809475673402,76.6,1,0,0,0,0,0,0,0,0,0,POINT(49.083416 8.367677),0.4686095904160924,0.5313904095839076,1
Somalia,2019,0.0326,SOM,39.35444710111783,,10.0,8.663919262816679,-2.736255088132623,,0.8117,0.0028,13.9549999237061,15.179809475673402,76.6,0,0,0,0,0,0,0,0,0,0,POINT(49.083416 8.367677),0.7465812705882997,0.2534187294117003,0
Yugoslavia,2018,0.6064,,,,,,,,0.8092,0.5529999999999999,,,,0,0,0,0,0,0,0,0,0,0,,0.9997730065031252,2.269934968747741E-4,0
Yugoslavia,2019,0.6064,,,,,,,,0.8092,0.5529999999999999,,,,0,0,0,0,0,0,0,0,0,0,,0.9997730065031252,2.269934968747741E-4,0
Guinea-Bissau,2018,0.8141,GNB,28.892675576175538,-3.7107065633781926,16.0,1.4095731856082343,1.2434741472386437,1.3621489993151,0.8082,0.6128,4.05700016021729,16.3265983930869,54.0,0,0,0,0,0,0,0,0,0,0,POINT(-14.900021 12.100035),0.9393645982699419,0.06063540173005816,0
Guinea-Bissau,2019,0.8141,GNB,28.892675576175538,-3.7107065633781926,16.0,1.4095731856082343,1.2434741472386437,1.3621489993151,0.8082,0.6128,4.07000017166138,16.3265983930869,54.0,0,0,0,0,0,0,0,0,0,0,POINT(-14.900021 12.100035),0.9393645982699419,0.06063540173005816,0
Djibouti,2018,0.6558,DJI,157.60986878592473,-10.611358694363863,31.0,8.965083518708008,3.8299855198406174,0.14797084987711598,0.7962,0.0435,11.1219997406006,0.672749697846479,49.8,1,1,0,0,0,0,0,0,0,0,POINT(42.757785 11.856775),0.8578252614824033,0.14217473851759668,0
Djibouti,2019,0.6558,DJI,157.60986878592473,-10.611358694363863,31.0,8.965083518708008,3.8299855198406174,0.14797084987711598,0.7962,0.0435,11.029999732971199,0.672749697846479,49.8,0,0,0,0,0,0,0,0,0,0,POINT(42.757785 11.856775),0.862489551127669,0.137510448872331,0
Libya,2018,0.0758,LBY,73.84,-17.960736985109037,17.0,0.0,6.368240932509337,2.60581802719518,0.792,0.057,17.2870006561279,38.4737241258871,10.2,1,0,0,0,0,0,0,0,0,0,POINT(18.123672 26.823447),0.7715915977288741,0.22840840227112597,0
Libya,2019,0.0758,LBY,73.84,-17.960736985109037,17.0,0.0,6.368240932509337,2.60581802719518,0.792,0.057,17.2999992370605,38.4737241258871,10.2,0,0,0,0,0,0,0,0,0,0,POINT(18.123672 26.823447),0.8836746047795618,0.11632539522043821,0
Benin,2018,0.7905,BEN,35.91103589187959,-10.003728588531724,40.0,2.00410808400184,3.9751835960836246,1.024127367456,0.7872,0.5544,2.125,5.757889959429,60.5,1,0,0,0,0,0,0,0,0,0,POINT(2.258441 9.529347),0.9064553252613434,0.09354467473865657,0
Benin,2019,0.7905,BEN,35.91103589187959,-10.003728588531724,40.0,2.00410808400184,3.9751835960836246,1.024127367456,0.7872,0.5544,2.02500009536743,5.757889959429,60.5,0,0,0,0,0,0,0,0,0,0,POINT(2.258441 9.529347),0.8630970743409352,0.13690292565906476,0
Angola,2018,0.787,AGO,53.998263111689894,7.000035352838093,19.0,-5.420744963586791,-5.287779593903338,20.1903737898382,0.7867,0.6276,7.252999782562258,16.350120013347198,51.6,1,0,0,0,0,0,0,0,0,0,POINT(17.569124 -11.877577),0.6768582133667661,0.3231417866332339,0
Angola,2019,0.787,AGO,53.998263111689894,7.000035352838093,19.0,-5.420744963586791,-5.287779593903338,20.1903737898382,0.7867,0.6276,7.24599981307983,16.350120013347198,51.6,0,0,0,0,0,0,0,0,0,0,POINT(17.569124 -11.877577),0.67562202315486,0.32437797684513997,0
"Gambia, The",2018,0.8076,GMB,42.70920581876005,-4.816559762639856,37.0,2.018463804833216,3.4531888617190134,6.52115880417239,0.7864,0.097,8.90499973297119,5.75288011440874,39.0,0,0,0,0,0,0,0,0,0,0,POINT(-15.490046 13.470062),0.8566857886781445,0.1433142113218555,0
"Gambia, The",2019,0.8076,GMB,42.70920581876005,-4.816559762639856,37.0,2.018463804833216,3.4531888617190134,6.52115880417239,0.7864,0.097,8.89799976348877,5.75288011440874,39.0,0,0,0,0,0,0,0,0,0,0,POINT(-15.490046 13.470062),0.8566857886781445,0.1433142113218555,0
Zambia,2018,0.8734,ZMB,73.65672346194549,-1.2810486678883717,35.0,1.528582968464278,0.8151694986741091,7.49457192728511,0.7808,0.7359,7.20900011062622,15.947264415390999,40.4,1,0,0,0,0,0,0,0,0,0,POINT(27.559916 -14.518624),0.8986124564438532,0.10138754355614676,0
Zambia,2019,0.8734,ZMB,73.65672346194549,-1.2810486678883717,35.0,1.528582968464278,0.8151694986741091,7.49457192728511,0.7808,0.7359,7.14499998092651,15.947264415390999,40.4,0,0,0,0,0,0,0,0,0,0,POINT(27.559916 -14.518624),0.9058947862257639,0.09410521377423604,0
Afghanistan,2018,0.6141,AFG,13.371018238159492,-18.874843230813685,16.0,0.6168222555281894,-1.3501783358549488,4.9759515055382995,0.7693,0.2717,1.5420000553131101,0.6935306772256689,47.9,1,0,0,0,0,0,0,0,0,0,POINT(66.238514 33.768007),0.8568448681935747,0.1431551318064253,0
Afghanistan,2019,0.6141,AFG,13.371018238159492,-18.874843230813685,16.0,0.6168222555281894,-1.3501783358549488,4.9759515055382995,0.7693,0.2717,1.51900005340576,0.6935306772256689,47.9,0,0,0,0,0,0,0,0,0,0,POINT(66.238514 33.768007),0.9399157142685503,0.06008428573144977,0
Gabon,2018,0.7821,GAB,42.969636070175774,0.9806829645256026,31.0,5.0182364421442385,-1.7550391882165854,4.7490665208322005,0.769,0.6674,19.488000869751,18.4061908465314,32.7,1,0,0,0,0,0,0,0,0,0,POINT(11.68997 -0.899969),0.9616349476349512,0.03836505236504881,0
Gabon,2019,0.7821,GAB,42.969636070175774,0.9806829645256026,31.0,5.0182364421442385,-1.7550391882165854,4.7490665208322005,0.769,0.6674,19.6060009002686,18.4061908465314,32.7,0,0,0,0,0,0,0,0,0,0,POINT(11.68997 -0.899969),0.9811499760495384,0.018850023950461606,0
South Africa,2018,0.8652,ZAF,50.556911879962556,-3.634112832472389,43.0,1.485433112321958,-0.5720801967122213,4.50457749331605,0.7517,0.8603,26.9580001831055,5.14027060883135,28.5,1,0,0,0,0,0,0,0,0,0,POINT(24.357658 -28.876689),0.9897134041201333,0.010286595879866682,0
South Africa,2019,0.8652,ZAF,50.556911879962556,-3.634112832472389,43.0,1.485433112321958,-0.5720801967122213,4.50457749331605,0.7517,0.8603,27.320999145507802,5.14027060883135,28.5,0,0,0,0,0,0,0,0,0,0,POINT(24.357658 -28.876689),0.9822521058534849,0.017747894146515154,0
Qatar,2018,0.48,QAT,39.76,8.701931497448884,62.0,-1.1424748549295272,-0.5846691334430432,0.344165322270873,0.7456,0.095,0.142000004649162,17.9466212722775,5.8,0,0,0,0,0,0,0,0,0,0,POINT(51.22953 25.333698),0.9916072582135711,0.008392741786428857,0
Qatar,2019,0.48,QAT,39.76,8.701931497448884,62.0,-1.1424748549295272,-0.5846691334430432,0.344165322270873,0.7456,0.095,0.144999995827675,17.9466212722775,5.8,0,0,0,0,0,0,0,0,0,0,POINT(51.22953 25.333698),0.9916072582135711,0.008392741786428857,0
Bolivia,2018,0.224,BOL,33.7809573784759,-4.9384818777281545,29.0,0.6331540811813452,2.7521559420484043,2.27205987230148,0.7396,0.2085,3.25799989700317,6.92510323624143,21.8,0,0,0,0,0,0,0,0,0,0,POINT(-64.991229 -17.05687),0.9541153023891852,0.045884697610814776,0
Bolivia,2019,0.224,BOL,33.7809573784759,-4.9384818777281545,29.0,0.6331540811813452,2.7521559420484043,2.27205987230148,0.7396,0.2085,3.2660000324249303,6.92510323624143,21.8,0,0,0,0,0,0,0,0,0,0,POINT(-64.991229 -17.05687),0.9541153023891852,0.045884697610814776,0
Guinea,2018,0.7725,GIN,24.631637162495434,-1.7465503349143232,28.0,3.2341894810728435,3.198294129871712,9.82604222629665,0.7389,0.2649,3.60700011253357,20.184618833157497,64.9,1,0,0,0,0,0,0,0,0,0,POINT(-10.708359 10.722623),0.7375650893738945,0.26243491062610547,0
Guinea,2019,0.7725,GIN,24.631637162495434,-1.7465503349143232,28.0,3.2341894810728435,3.198294129871712,9.82604222629665,0.7389,0.2649,3.5720000267028795,20.184618833157497,64.9,0,0,0,0,0,0,0,0,0,0,POINT(-10.708359 10.722623),0.8469824083291068,0.15301759167089327,0
Burkina Faso,2018,0.7228,BFA,23.419737505207266,-7.250983926203784,41.0,3.398296535903212,3.812912022243936,1.8644495850944496,0.7377,0.5798,6.05900001525879,19.9420184888412,49.0,1,0,0,0,0,0,0,0,0,0,POINT(-1.688031 12.075308),0.6668626486285153,0.3331373513714847,0
Burkina Faso,2019,0.7228,BFA,23.419737505207266,-7.250983926203784,41.0,3.398296535903212,3.812912022243936,1.8644495850944496,0.7377,0.5798,6.14900016784668,19.9420184888412,49.0,0,0,0,0,0,0,0,0,0,0,POINT(-1.688031 12.075308),0.8997621460240433,0.10023785397595679,0
Tanzania,2018,0.8983,TZA,33.06317975536173,-3.2590672353584664,36.0,1.820636914031225,2.115055159877216,3.4944584885618104,0.7353,0.6334,1.932000041008,6.616386050679151,37.6,1,0,0,0,0,0,0,0,0,0,POINT(35.787844 -6.524712),0.9105302561204998,0.08946974387950019,0
Tanzania,2019,0.8983,TZA,33.06317975536173,-3.2590672353584664,36.0,1.820636914031225,2.115055159877216,3.4944584885618104,0.7353,0.6334,1.91199994087219,6.616386050679151,37.6,0,0,0,0,0,0,0,0,0,0,POINT(35.787844 -6.524712),0.9511422909366839,0.04885770906331612,0
Indonesia,2018,0.768,IDN,37.595578096458944,-2.9790082369402415,38.0,1.8906014194927745,3.9856042263703273,3.19834641562404,0.7351,0.234,4.30000019073486,3.4846698773453797,21.1,0,0,0,0,0,0,0,0,0,0,POINT(106.8489 -6.230276),0.6222873904125055,0.37771260958749453,0
Indonesia,2019,0.768,IDN,37.595578096458944,-2.717438,38.0,1.8906014194927745,3.9856042263703273,3.19834641562404,0.7351,0.234,4.375,3.4846698773453797,21.1,0,0,0,0,0,0,0,0,0,0,POINT(106.8489 -6.230276),0.6444145629649373,0.35558543703506273,0
Suriname,2018,0.331,SUR,43.46,-3.2857432759347613,43.0,3.647166437941976,0.9278658867933699,6.8939035916824185,0.7332,0.7909999999999999,7.63100004196167,33.177112598697,16.9,0,0,0,0,0,0,0,0,0,0,POINT(-56.077119 4.141303),0.9866912724989846,0.01330872750101547,0
Suriname,2019,0.331,SUR,43.46,-3.2857432759347613,43.0,3.647166437941976,0.9278658867933699,6.8939035916824185,0.7332,0.7909999999999999,7.412000179290769,33.177112598697,16.9,0,0,0,0,0,0,0,0,0,0,POINT(-56.077119 4.141303),0.9866912724989846,0.01330872750101547,0
Ethiopia,2018,0.8073,ETH,33.44274428079024,-5.466493585714963,34.0,3.983634968312132,4.0480702388884,9.84825024208742,0.7235,0.6249,1.80900001525879,10.554709205621,39.1,1,1,0,0,0,0,0,0,0,0,POINT(38.65212 10.21167),0.7305958472627507,0.26940415273724927,0
Ethiopia,2019,0.8073,ETH,33.44274428079024,-5.466493585714963,34.0,3.983634968312132,4.0480702388884,9.84825024208742,0.7235,0.6249,1.7879999876022301,10.554709205621,39.1,0,0,0,0,0,0,0,0,0,0,POINT(38.65212 10.21167),0.897486232997823,0.10251376700217696,0
Sudan,2018,0.7190000000000001,SDN,56.907030084656384,-11.452450343440097,16.0,2.7802801841536424,-4.629843228298468,16.9094557092798,0.7147,0.4307,12.876000404357901,4.622687610586,42.1,1,0,0,0,0,0,0,0,0,0,POINT(29.491769 14.584444),0.7324817097683118,0.26751829023168816,0
Sudan,2019,0.7190000000000001,SDN,56.907030084656384,-11.452450343440097,16.0,2.7802801841536424,-4.629843228298468,16.9094557092798,0.7147,0.4307,12.9969997406006,4.622687610586,42.1,0,0,0,0,0,0,0,0,0,0,POINT(29.491769 14.584444),0.8379974378282008,0.16200256217179923,0
Andorra,2018,0.6848,AND,,,,,1.6227466770119037,,0.7139,0.2326,,0.0,2.7,0,0,0,0,0,0,0,0,0,0,,1.0,0.0,0
Andorra,2019,0.6848,AND,,,,,1.6227466770119037,,0.7139,0.2326,,0.0,2.7,0,0,0,0,0,0,0,0,0,0,,1.0,0.0,0
Canada,2018,0.5772,CAN,91.5,-2.645281760682279,81.0,2.7164915942625507,0.4710659710048333,2.268225672481,0.7124,0.6958,5.92000007629395,1.7296552070897901,4.3,0,0,0,0,0,0,0,0,0,0,POINT(-107.991707 61.066692),0.9936626073547946,0.006337392645205352,0
Canada,2019,0.5772,CAN,91.5,-1.9771599999999998,81.0,2.7164915942625507,0.4710659710048333,2.268225672481,0.7124,0.6958,6.05700016021729,1.7296552070897901,4.3,0,0,0,0,0,0,0,0,0,0,POINT(-107.991707 61.066692),0.9936626073547946,0.006337392645205352,0
Togo,2018,0.898,TGO,33.26552104298029,-2.0050687766882134,30.0,1.9030876911544816,2.375272506510399,0.9277554264571868,0.7099,0.6596,1.6679999828338603,16.4416229032409,47.4,1,0,0,0,0,0,0,0,0,0,POINT(1.019977 8.780027),0.7376953795786834,0.2623046204213166,0
Togo,2019,0.898,TGO,33.26552104298029,-2.0050687766882134,30.0,1.9030876911544816,2.375272506510399,0.9277554264571868,0.7099,0.6596,1.66999995708466,16.4416229032409,47.4,0,0,0,0,0,0,0,0,0,0,POINT(1.019977 8.780027),0.9717743892555382,0.028225610744461838,0
Pakistan,2018,0.7190000000000001,PAK,27.63957193371559,-6.1004638315698,33.0,0.7482797897132409,3.676712109959169,5.07805725868919,0.7098,0.3848,3.03800010681152,1.05166557596526,57.2,1,1,0,0,0,0,0,0,0,0,POINT(71.247499 30.33084),0.38593153186677487,0.6140684681332251,1
Pakistan,2019,0.7190000000000001,PAK,27.63957193371559,-6.1004638315698,33.0,0.7482797897132409,3.676712109959169,5.07805725868919,0.7098,0.3848,3.0199999809265097,1.05166557596526,57.2,0,0,0,0,0,0,0,0,0,0,POINT(71.247499 30.33084),0.5926239635181423,0.40737603648185766,0
Belize,2018,0.6303,BLZ,76.77605235506405,-8.280225353343381,,6.388491065496128,1.0713695289407779,,0.7015,0.5813,9.36800003051758,0.9985413399552059,11.2,0,0,0,0,0,0,0,0,0,0,,0.9997730065031252,2.269934968747741E-4,0
Belize,2019,0.6303,BLZ,76.77605235506405,-8.280225353343381,,6.388491065496128,1.0713695289407779,,0.7015,0.5813,9.49699974060059,0.9985413399552059,11.2,0,0,0,0,0,0,0,0,0,0,,0.9997730065031252,2.269934968747741E-4,0
"Micronesia, Fed. Sts.",2018,0.7483,FSM,26.35,7.018360272797191,,6.32982328589587,-0.8390337938435977,0.5226239034468829,0.7005,0.6469,8.86250019073486,0.0365899279896177,25.6,0,0,0,0,0,0,0,0,0,0,,1.0,0.0,0
"Micronesia, Fed. Sts.",2019,0.7483,FSM,26.35,7.018360272797191,,6.32982328589587,-0.8390337938435977,0.5226239034468829,0.7005,0.6469,8.86250019073486,0.0365899279896177,25.6,0,0,0,0,0,0,0,0,0,0,,1.0,0.0,0
Senegal,2018,0.7081,SEN,52.37077522207258,-7.221912597943095,45.0,2.6080517690758644,3.8370620083690175,0.4562575845928339,0.6939,0.1497,6.46400022506714,3.8223354900112905,31.8,1,0,0,0,0,0,0,0,0,0,POINT(-14.452961 14.475061),0.909507441018671,0.09049255898132903,0
Senegal,2019,0.7081,SEN,52.37077522207258,-7.221912597943095,45.0,2.6080517690758644,3.8370620083690175,0.4562575845928339,0.6939,0.1497,6.52199983596802,3.8223354900112905,31.8,0,0,0,0,0,0,0,0,0,0,POINT(-14.452961 14.475061),0.8718771693423917,0.12812283065760827,0
Mozambique,2018,0.8125,MOZ,107.5678689966477,-30.581598473842448,23.0,18.19766205858354,0.4583092155450856,,0.6932,0.6759,3.1719999313354506,19.4719062435939,54.0,0,0,0,0,0,0,0,0,0,0,POINT(34.914498 -19.302233),0.5466554631395034,0.4533445368604966,0
Mozambique,2019,0.8125,MOZ,107.5678689966477,-30.581598473842448,23.0,18.19766205858354,0.4583092155450856,,0.6932,0.6759,3.1900000572204603,19.4719062435939,54.0,0,0,0,0,0,0,0,0,0,0,POINT(34.914498 -19.302233),0.5379481697060167,0.46205183029398333,0
Mali,2018,0.8388,MLI,29.46716281493733,-7.888533275682791,32.0,2.7212924283666244,1.7916766567807514,1.75985742927155,0.6906,0.182,9.56900024414063,11.398471040581,62.0,1,0,0,0,0,0,0,0,0,0,POINT(-2.290024 16.370036),0.4338567623163432,0.5661432376836568,1
Mali,2019,0.8388,MLI,29.46716281493733,-7.888533275682791,32.0,2.7212924283666244,1.7916766567807514,1.75985742927155,0.6906,0.182,9.77600002288818,11.398471040581,62.0,0,0,0,0,0,0,0,0,0,0,POINT(-2.290024 16.370036),0.6867257016322403,0.3132742983677597,0
Monaco,2018,0.7305,MCO,,,,,5.30456543094968,,0.6838,0.3047,6.32999992370605,0.0,2.6,0,0,0,0,0,0,0,0,0,0,,1.0,0.0,0
Monaco,2019,0.7305,MCO,,,,,5.30456543094968,,0.6838,0.3047,6.32999992370605,0.0,2.6,0,0,0,0,0,0,0,0,0,0,,1.0,0.0,0
Kyrgyz Republic,2018,0.5949,KGZ,102.97921774213717,-8.877799729500751,29.0,1.782101962164608,1.5728332119446975,3.1753098637994,0.6752,0.447,7.17000007629395,8.45364144518221,16.9,0,0,0,0,0,0,0,0,0,0,POINT(74.724091 41.508932),0.9568879082252687,0.04311209177473128,0
Kyrgyz Republic,2019,0.5949,KGZ,102.97921774213717,-8.877799729500751,29.0,1.782101962164608,1.5728332119446975,3.1753098637994,0.6752,0.447,7.355999946594241,8.45364144518221,16.9,0,0,0,0,0,0,0,0,0,0,POINT(74.724091 41.508932),0.9568879082252687,0.04311209177473128,0
Malawi,2018,0.6023,MWI,32.16085902939303,-20.191509496940025,32.0,1.4442113245233257,0.8014196964556817,12.420178108921,0.6744,0.8192,5.42999982833862,9.60402492058353,35.3,1,0,0,0,0,0,0,0,0,0,POINT(33.930196 -13.26872),0.9557522186585607,0.044247781341439224,0
Malawi,2019,0.6023,MWI,32.16085902939303,-20.191509496940025,32.0,1.4442113245233257,0.8014196964556817,12.420178108921,0.6744,0.8192,5.375,9.60402492058353,35.3,0,0,0,0,0,0,0,0,0,0,POINT(33.930196 -13.26872),0.9628259874003856,0.037174012599614406,0
Ghana,2018,0.6731,GHA,36.27805553604638,-3.1178064683735918,41.0,4.5594817283074205,3.9586671467969534,9.83699268575466,0.6733,0.7987,6.71000003814697,13.0581709799071,34.9,1,0,0,0,0,0,0,0,0,0,POINT(-1.080027 8.030028),0.990250399720584,0.009749600279415918,0
Ghana,2019,0.6731,GHA,36.27805553604638,-3.1178064683735918,41.0,4.5594817283074205,3.9586671467969534,9.83699268575466,0.6733,0.7987,6.78399991989136,13.0581709799071,34.9,0,0,0,0,0,0,0,0,0,0,POINT(-1.080027 8.030028),0.957743108261318,0.04225689173868198,0
"Iran, Islamic Rep.",2018,0.7462,IRN,1.4864120396854177,11.388635372416047,28.0,1.1054755164949244,2.3276941989239357,9.98718496369076,0.6684,0.1152,11.994999885559098,17.778554809832197,12.4,1,1,0,0,0,0,0,0,0,0,POINT(52.947134 32.94075),0.5353166252943318,0.4646833747056683,0
"Iran, Islamic Rep.",2019,0.7462,IRN,1.4864120396854177,11.388635372416047,28.0,1.1054755164949244,2.3276941989239357,9.98718496369076,0.6684,0.1152,11.991999626159695,17.778554809832197,12.4,0,0,0,0,0,0,0,0,0,0,POINT(52.947134 32.94075),0.8124677481692378,0.18753225183076214,0
Nepal,2018,0.7167,NPL,18.86124166363445,-9.554522269054843,31.0,0.23479935928731355,4.9079469412854735,4.0611633875107005,0.6632,0.1417,1.26400005817413,1.13418028211469,26.7,1,0,0,0,0,0,0,0,0,0,POINT(84.091714 28.108393),0.949325255602224,0.05067474439777593,0
Nepal,2019,0.7167,NPL,18.86124166363445,-9.554522269054843,31.0,0.23479935928731355,4.9079469412854735,4.0611633875107005,0.6632,0.1417,1.24699997901917,1.13418028211469,26.7,0,0,0,0,0,0,0,0,0,0,POINT(84.091714 28.108393),0.9209880116503998,0.07901198834960022,0
Kuwait,2018,0.3444,KWT,11.17,17.099116887683476,41.0,-0.015199625623274562,-0.7413607389086252,2.17183298510008,0.6604,0.6745,2.07599997520447,37.13877149476,6.7,1,0,0,0,0,0,0,0,0,0,POINT(47.497948 29.273396),0.8293755430990183,0.1706244569009817,0
Kuwait,2019,0.3444,KWT,11.17,17.099116887683476,41.0,-0.015199625623274562,-0.7413607389086252,2.17183298510008,0.6604,0.6745,2.16499996185303,37.13877149476,6.7,0,0,0,0,0,0,0,0,0,0,POINT(47.497948 29.273396),0.98,0.02,0
Peru,2018,0.3358,PER,31.28266657098782,-1.6184036406780078,35.0,2.9218884204005486,2.20561703131051,1.31764765937395,0.6566,0.1988,2.8440001010894798,8.91302679358068,11.1,1,0,0,0,0,0,0,0,0,0,POINT(-75.045851 -6.86997),0.8181901385057085,0.18180986149429143,0
Peru,2019,0.3358,PER,31.28266657098782,-1.6184036406780078,35.0,2.9218884204005486,2.20561703131051,1.31764765937395,0.6566,0.1988,2.9019999504089395,8.91302679358068,11.1,0,0,0,0,0,0,0,0,0,0,POINT(-75.045851 -6.86997),0.9726899787255199,0.027310021274480106,0
Ecuador,2018,0.1308,ECU,42.629537303626,-1.3728375222744027,34.0,1.301162743373336,-0.3970899028032449,-0.2241032460054649,0.655,0.1417,3.91000008583069,5.509427513911869,12.2,1,0,0,0,0,0,0,0,0,0,POINT(-79.366696 -1.339767),0.9395471709788918,0.060452829021108136,0
Ecuador,2019,0.1308,ECU,42.629537303626,-1.3728375222744027,34.0,1.301162743373336,-0.3970899028032449,-0.2241032460054649,0.655,0.1417,3.98099994659424,5.509427513911869,12.2,0,0,0,0,0,0,0,0,0,0,POINT(-79.366696 -1.339767),0.9894466941767006,0.010553305823299356,0
Eritrea,2018,0.653,ERI,127.13,-14.816157483864488,24.0,1.4955479622886216,7.2076052658756,,0.6524,0.4253,6.5430002212524405,19.1074604845338,31.3,1,0,0,0,0,0,0,0,0,0,POINT(37.999967 15.950032),0.4754091064509751,0.5245908935490249,1
Eritrea,2019,0.653,ERI,127.13,-14.816157483864488,24.0,1.4955479622886216,7.2076052658756,,0.6524,0.4253,6.5460000038147,19.1074604845338,31.3,0,0,0,0,0,0,0,0,0,0,POINT(37.999967 15.950032),0.812584401418396,0.18741559858160398,0
Niger,2018,0.6519,NER,36.06149779121258,-15.655990861473715,34.0,21.49928313626237,2.495334701697601,2.9676036600445403,0.6518,0.2013,0.273000001907349,13.304314711354499,48.0,1,0,0,0,0,0,0,0,0,0,POINT(9.323843 17.735621),0.6492655281651001,0.3507344718349,0
Niger,2019,0.6519,NER,36.06149779121258,-15.655990861473715,34.0,21.49928313626237,2.495334701697601,2.9676036600445403,0.6518,0.2013,0.256999999284744,13.304314711354499,48.0,0,0,0,0,0,0,0,0,0,0,POINT(9.323843 17.735621),0.9387325516709591,0.0612674483290409,0
Trinidad and Tobago,2018,0.1251,TTO,45.45,5.001110459839112,41.0,-2.5307498232400865,-0.6604943902813432,1.01856930188828,0.6475,0.7936,2.82999992370605,7.703946524915321,16.4,0,0,0,0,0,0,0,0,0,0,POINT(-60.982107 10.867785),0.9516992360260307,0.048300763973969346,0
Trinidad and Tobago,2019,0.1251,TTO,45.45,5.001110459839112,41.0,-2.5307498232400865,-0.6604943902813432,1.01856930188828,0.6475,0.7936,2.8139998912811297,7.703946524915321,16.4,0,0,0,0,0,0,0,0,0,0,POINT(-60.982107 10.867785),0.9516992360260307,0.048300763973969346,0
Thailand,2018,0.6344,THA,35.089118073978746,6.413075595929171,36.0,2.6532416711090816,3.801269809666066,1.06389754183022,0.6338,0.0994,0.665000021457672,1.67449140893826,7.8,1,0,0,0,0,0,0,0,0,0,POINT(100.83273 14.897192),0.7943520584142011,0.2056479415857989,0
Thailand,2019,0.6344,THA,35.089118073978746,6.413075595929171,36.0,2.6532416711090816,3.801269809666066,1.06389754183022,0.6338,0.0994,0.694999992847443,1.67449140893826,7.8,0,0,0,0,0,0,0,0,0,0,POINT(100.83273 14.897192),0.9174257500234695,0.08257424997653047,0
Namibia,2018,0.7005,NAM,34.64,-2.4414613856988816,53.0,1.3741621989520576,-2.4008197720197018,4.28857498852457,0.6329,0.6626,23.094999313354503,4.55390462852457,29.0,0,0,0,0,0,0,0,0,0,0,POINT(17.323111 -23.23355),0.9851296482526054,0.014870351747394643,0
Namibia,2019,0.7005,NAM,34.64,-2.4414613856988816,53.0,1.3741621989520576,-2.4008197720197018,4.28857498852457,0.6329,0.6626,23.1870002746582,4.55390462852457,29.0,0,0,0,0,0,0,0,0,0,0,POINT(17.323111 -23.23355),0.9851296482526054,0.014870351747394643,0
Bosnia and Herzegovina,2018,0.6751,BIH,80.408144763545,-3.722762643568936,38.0,2.4248898396216507,4.48391430484476,1.16881263730923,0.63,0.6851,20.8390007019043,1.30667144351796,5.0,0,0,0,0,0,0,0,0,0,0,POINT(17.596147 44.305348),0.988145528823443,0.011854471176557049,0
Bosnia and Herzegovina,2019,0.6751,BIH,80.408144763545,-3.722762643568936,38.0,2.4248898396216507,4.48391430484476,1.16881263730923,0.63,0.6851,21.2180004119873,1.30667144351796,5.0,0,0,0,0,0,0,0,0,0,0,POINT(17.596147 44.305348),0.988145528823443,0.011854471176557049,0
United Arab Emirates,2018,0.4874,ARE,18.08,,70.0,2.507439401673864,0.2079363711599456,3.0681470568772995,0.6252,0.331,2.5750000476837203,13.688735922084902,6.5,0,0,0,0,0,0,0,0,0,0,POINT(53.999483 24.000249),0.9993178042923181,6.82195707681939E-4,0
United Arab Emirates,2019,0.4874,ARE,18.08,,70.0,2.507439401673864,0.2079363711599456,3.0681470568772995,0.6252,0.331,2.64299988746643,13.688735922084902,6.5,0,0,0,0,0,0,0,0,0,0,POINT(53.999483 24.000249),0.9993178042923181,6.82195707681939E-4,0
Guyana,2018,0.0688,GUY,44.57493062760216,-27.631306466505052,37.0,30.43331455917859,3.594471019017533,1.28284288443518,0.6195,0.7876,12.1510000228882,25.330493430704998,25.1,0,0,0,0,0,0,0,0,0,0,POINT(-58.93988 4.88732),0.9888641737558084,0.011135826244191667,0
Guyana,2019,0.0688,GUY,44.57493062760216,-27.631306466505052,37.0,30.43331455917859,3.594471019017533,1.28284288443518,0.6195,0.7876,12.2189998626709,25.330493430704998,25.1,0,0,0,0,0,0,0,0,0,0,POINT(-58.93988 4.88732),0.9888641737558084,0.011135826244191667,0
Kazakhstan,2018,0.6621,KAZ,105.70511473373536,-0.1610640065558154,31.0,0.11921714658558336,2.740272171255413,7.44266321306793,0.6171,0.5898,4.88500022888184,16.1934595433834,8.8,1,0,0,0,0,0,0,0,0,0,POINT(65.20932 47.228609),0.941876642456049,0.05812335754395106,0
Kazakhstan,2019,0.6621,KAZ,105.70511473373536,-0.1610640065558154,31.0,0.11921714658558336,2.740272171255413,7.44266321306793,0.6171,0.5898,5.425000190734861,16.1934595433834,8.8,0,0,0,0,0,0,0,0,0,0,POINT(65.20932 47.228609),0.9134349111831815,0.08656508881681843,0
Mauritania,2018,0.326,MRT,97.83604677708469,-18.584914576977347,27.0,1.3516234473151811,0.7146787423193643,3.0673599605835498,0.615,0.0149,10.3050003051758,24.1154012955717,51.5,1,0,0,0,0,0,0,0,0,0,POINT(-9.239926 20.254038),0.7418129118347938,0.25818708816520625,0
Mauritania,2019,0.326,MRT,97.83604677708469,-18.584914576977347,27.0,1.3516234473151811,0.7146787423193643,3.0673599605835498,0.615,0.0149,10.3219995498657,24.1154012955717,51.5,0,0,0,0,0,0,0,0,0,0,POINT(-9.239926 20.254038),0.8542819711763637,0.14571802882363624,0
Bhutan,2018,0.6056,BTN,109.24230078194007,-20.33902402174433,68.0,0.10829855355705394,1.8222731660088696,2.7237771523690597,0.605,0.3787,2.19700002670288,3.9477033667930095,24.8,1,0,0,0,0,0,0,0,0,0,POINT(90.511927 27.549511),0.9981664413092839,0.001833558690716126,0
Bhutan,2019,0.6056,BTN,109.24230078194007,-20.33902402174433,68.0,0.10829855355705394,1.8222731660088696,2.7237771523690597,0.605,0.3787,2.18700003623962,3.9477033667930095,24.8,0,0,0,0,0,0,0,0,0,0,POINT(90.511927 27.549511),0.9382973213659895,0.06170267863401049,0
Colombia,2018,0.0193,COL,42.289360779046895,-3.9382021792374,36.0,3.4844352845048747,1.0247148561207666,3.24023413752975,0.6014,0.1478,9.093000411987301,4.3150078974104105,12.2,0,0,0,0,0,0,0,0,0,0,POINT(-73.783892 2.889443),0.8576775829252878,0.1423224170747122,0
Colombia,2019,0.0193,COL,42.289360779046895,-4.262601,36.0,3.4844352845048747,1.0247148561207666,3.24023413752975,0.6014,0.1478,9.1879997253418,4.3150078974104105,12.2,0,0,0,0,0,0,0,0,0,0,POINT(-73.783892 2.889443),0.8570786284661104,0.1429213715338896,0
Jordan,2018,0.0396,JOR,76.1313061615844,-6.748216228402812,49.0,2.249183070294974,0.12963556827507716,4.4618077438624,0.5926,0.0659,15.0249996185303,0.727013619936008,13.9,1,1,0,0,0,0,0,0,0,0,POINT(36.941628 31.166705),0.7221474484809288,0.2778525515190712,0
Jordan,2019,0.0396,JOR,76.1313061615844,-6.748216228402812,49.0,2.249183070294974,0.12963556827507716,4.4618077438624,0.5926,0.0659,14.9449996948242,0.727013619936008,13.9,0,0,0,0,0,0,0,0,0,0,POINT(36.941628 31.166705),0.9717027986170501,0.028297201382949867,0
Cuba,2018,0.0,CUB,,,47.0,,2.2585896849249,,0.5908,0.5059,2.2639999389648398,0.566472209010728,3.7,0,0,0,0,0,0,0,0,0,0,POINT(-80.832875 23.013134),0.9715120326151128,0.028487967384887188,0
Cuba,2019,0.0,CUB,,,47.0,,2.2585896849249,,0.5908,0.5059,2.25200009346008,0.566472209010728,3.7,0,0,0,0,0,0,0,0,0,0,POINT(-80.832875 23.013134),0.9715120326151128,0.028487967384887188,0
Malaysia,2018,0.597,MYS,57.39,2.116732728106133,47.0,2.3899960384465024,3.3345011012496,0.884709160571244,0.588,0.6657,3.35999989509583,6.30511813779286,6.7,1,0,0,0,0,0,0,0,0,0,POINT(112.847194 2.392376),0.836790832572554,0.16320916742744593,0
Malaysia,2019,0.597,MYS,57.39,2.116732728106133,47.0,2.3899960384465024,3.3345011012496,0.884709160571244,0.588,0.6657,3.3989999294281,6.30511813779286,6.7,0,0,0,0,0,0,0,0,0,0,POINT(112.847194 2.392376),0.7157881163666873,0.2842118836333127,0
Latvia,2018,0.5795,LVA,34.94,-0.6130826077785718,58.0,1.299028197890439,5.4736905761879635,2.53445424186602,0.5867,0.5556,7.85699987411499,0.8608496086615799,3.3,1,0,0,0,0,0,0,0,0,0,POINT(24.753765 56.840649),0.9689815761599037,0.03101842384009629,0
Latvia,2019,0.5795,LVA,34.94,-0.4954704000000001,58.0,1.299028197890439,5.4736905761879635,2.53445424186602,0.5867,0.5556,8.22299957275391,0.8608496086615799,3.3,0,0,0,0,0,0,0,0,0,0,POINT(24.753765 56.840649),0.9210158938800085,0.07898410611999149,0
Nauru,2018,0.6161,NRU,,6.691481674730699,,0.0,7.131076826196478,,0.5832,0.6194,13.2815999984741,0.0,26.4,0,0,0,0,0,0,0,0,0,0,,1.0,0.0,0
Nauru,2019,0.6161,NRU,,6.691481674730699,,0.0,7.131076826196478,,0.5832,0.6194,13.2815999984741,0.0,26.4,0,0,0,0,0,0,0,0,0,0,,1.0,0.0,0
Serbia,2018,0.0,SRB,71.68411958557346,-5.19875210351888,39.0,8.117673040338543,4.971964524815789,1.9598407629380301,0.5736,0.0,13.5100002288818,1.3058794151023898,4.8,0,0,0,0,0,0,0,0,0,0,POINT(20.55144 44.153412),0.9910019092929356,0.008998090707064383,0
Serbia,2019,0.0,SRB,71.68411958557346,-5.19875210351888,39.0,8.117673040338543,4.971964524815789,1.9598407629380301,0.5736,0.0,13.5129995346069,1.3058794151023898,4.8,0,0,0,0,0,0,0,0,0,0,POINT(20.55144 44.153412),0.9910019092929356,0.008998090707064383,0
Liechtenstein,2018,0.2246,LIE,,,,976.2415174698673,-1.8657328553383927,,0.5726,0.3343,2.00999999046326,0.0020649287969545693,,0,0,0,0,0,0,0,0,0,0,,1.0,0.0,0
Liechtenstein,2019,0.2246,LIE,,,,976.2415174698673,-1.8657328553383927,,0.5726,0.3343,2.00999999046326,0.0020649287969545693,,0,0,0,0,0,0,0,0,0,0,,1.0,0.0,0
Belgium,2018,0.5409,BEL,106.05,-0.9674379078543854,75.0,-11.57531890697994,1.0417195307113047,2.05316499865181,0.5554,0.2127,6.32299995422363,0.0188079773955007,2.9,0,0,0,0,0,0,0,0,0,0,POINT(4.66696 50.640735),0.9893178042923181,0.01068219570768194,0
Belgium,2019,0.5409,BEL,106.05,-0.9674379078543854,75.0,-11.57531890697994,1.0417195307113047,2.05316499865181,0.5554,0.2127,6.44099998474121,0.0188079773955007,2.9,0,0,0,0,0,0,0,0,0,0,POINT(4.66696 50.640735),0.9893178042923181,0.01068219570768194,0
Moldova,2018,0.5533,MDA,61.31428432338061,-10.585501399485741,33.0,2.725261746169723,3.496608996968604,3.04505397337071,0.5535,0.5603,3.41100001335144,0.284942172210911,13.6,1,0,0,0,0,0,0,0,0,0,POINT(28.511024 47.286747),0.8994166068069498,0.10058339319305018,0
Moldova,2019,0.5533,MDA,61.31428432338061,-10.585501399485741,33.0,2.725261746169723,3.496608996968604,3.04505397337071,0.5535,0.5603,3.7339999675750697,0.284942172210911,13.6,0,0,0,0,0,0,0,0,0,0,POINT(28.511024 47.286747),0.9195198927868098,0.08048010721319017,0
Panama,2018,0.3873,PAN,38.77,-10.44075114787311,37.0,9.092461620995127,1.9369640732664664,0.761578359399948,0.5528,0.3338,3.9219999313354506,0.19248098434641292,13.1,1,0,0,0,0,0,0,0,0,0,POINT(-81.306625 8.309607),0.9512193655232409,0.04878063447675909,0
Panama,2019,0.3873,PAN,38.77,-10.44075114787311,37.0,9.092461620995127,1.9369640732664664,0.761578359399948,0.5528,0.3338,3.90499997138977,0.19248098434641292,13.1,0,0,0,0,0,0,0,0,0,0,POINT(-81.306625 8.309607),0.9709945205102533,0.029005479489746754,0
Fiji,2018,0.5479,FJI,16.68952401435866,-8.489967168497252,,8.467876609353809,2.820319291901612,4.08147637644538,0.5479,0.5682,4.15199995040894,1.6402512838881895,21.6,0,0,0,0,0,0,0,0,0,0,,0.9997730065031252,2.269934968747741E-4,0
Fiji,2019,0.5479,FJI,16.68952401435866,-8.489967168497252,,8.467876609353809,2.820319291901612,4.08147637644538,0.5479,0.5682,4.15100002288818,1.6402512838881895,21.6,0,0,0,0,0,0,0,0,0,0,,0.9997730065031252,2.269934968747741E-4,0
Mexico,2018,0.1511,MEX,38.0175505160015,-1.8018898448105565,28.0,3.071648112583037,0.9919324581684634,4.89935015356549,0.5418,0.1796,3.3220000267028795,2.8760955547305502,11.0,0,0,0,0,0,0,0,0,0,0,POINT(-99.133342 19.432601),0.9855549587373981,0.01444504126260198,0
Mexico,2019,0.1511,MEX,38.0175505160015,-0.19372820000000002,28.0,3.071648112583037,0.9919324581684634,4.89935015356549,0.5418,0.1796,3.37800002098084,2.8760955547305502,11.0,0,0,0,0,0,0,0,0,0,0,POINT(-99.133342 19.432601),0.9767677119571407,0.023232288042859258,0
Brunei Darussalam,2018,0.3438,BRN,2.81,7.871478772020508,63.0,3.770058953694911,-0.99478850862225,0.150523489779418,0.5416,0.4404,9.22399997711182,17.906408861897,9.8,0,0,0,0,0,0,0,0,0,0,POINT(114.565391 4.413716),0.961758951388259,0.03824104861174105,0
Brunei Darussalam,2019,0.3438,BRN,2.81,7.871478772020508,63.0,3.770058953694911,-0.99478850862225,0.150523489779418,0.5416,0.4404,9.24499988555908,17.906408861897,9.8,0,0,0,0,0,0,0,0,0,0,POINT(114.565391 4.413716),0.961758951388259,0.03824104861174105,0
Brazil,2018,0.0468,BRA,30.31317026158116,-2.2230071903777526,35.0,4.182889945651783,0.3280779072205604,3.66485028376724,0.5408,0.6054,12.543999671936,3.53203420379687,12.8,1,0,0,0,0,0,0,0,0,0,POINT(-53.2 -10.333333),0.9634129664911998,0.03658703350880025,0
Brazil,2019,0.0468,BRA,30.31317026158116,-2.762543,35.0,4.182889945651783,0.3280779072205604,3.66485028376724,0.5408,0.6054,12.2180004119873,3.53203420379687,12.8,0,0,0,0,0,0,0,0,0,0,POINT(-53.2 -10.333333),0.9719837239876646,0.028016276012335313,0
Syrian Arab Republic,2018,0.1817,SYR,30.02,1.137423306620044,13.0,3.073775350729814,1.3450965327396034,36.7022953364139,0.5399,0.431,8.11999988555908,21.6453951411082,14.0,1,0,0,0,0,0,0,0,0,0,POINT(39.049411 34.640186),0.326852968503089,0.673147031496911,1
Syrian Arab Republic,2019,0.1817,SYR,30.02,1.137423306620044,13.0,3.073775350729814,1.3450965327396034,36.7022953364139,0.5399,0.431,8.18200016021729,21.6453951411082,14.0,0,0,0,0,0,0,0,0,0,0,POINT(39.049411 34.640186),0.6777685091996588,0.32223149080034114,0
Switzerland,2018,0.5441,CHE,45.66,10.508540988881633,85.0,-9.597695508406288,1.9698872465396002,0.9363133030856959,0.5314,0.6083,4.882999897003169,0.0109371007557158,3.7,0,0,0,0,0,0,0,0,0,0,POINT(8.231974 46.798562),0.9993178042923181,6.82195707681939E-4,0
Switzerland,2019,0.5441,CHE,45.66,12.24493,85.0,-9.597695508406288,1.9698872465396002,0.9363133030856959,0.5314,0.6083,4.87400007247925,0.0109371007557158,3.7,0,0,0,0,0,0,0,0,0,0,POINT(8.231974 46.798562),0.9993178042923181,6.82195707681939E-4,0
Luxembourg,2018,0.644,LUX,21.45,4.833560204636172,81.0,-7.921291406282957,1.1780001172983106,1.5281952430737298,0.5302,0.0911,5.46999979019165,0.0135732119615247,1.9,0,0,0,0,0,0,0,0,0,0,POINT(6.129675 49.815868),0.967484245601602,0.032515754398398065,0
Luxembourg,2019,0.644,LUX,21.45,4.833560204636172,81.0,-7.921291406282957,1.1780001172983106,1.5281952430737298,0.5302,0.0911,5.41300010681152,0.0135732119615247,1.9,0,0,0,0,0,0,0,0,0,0,POINT(6.129675 49.815868),0.967484245601602,0.032515754398398065,0
Lao PDR,2018,0.6382,LAO,90.1818698937653,-7.966970546747756,29.0,7.350036181219448,4.615882220488615,2.04012895303352,0.5139,0.5453,0.609000027179718,10.1864986311063,37.6,1,0,0,0,0,0,0,0,0,0,POINT(103.378253 20.017111),0.9259265770017061,0.0740734229982939,0
Lao PDR,2019,0.6382,LAO,90.1818698937653,-7.966970546747756,29.0,7.350036181219448,4.615882220488615,2.04012895303352,0.5139,0.5453,0.574000000953674,10.1864986311063,37.6,0,0,0,0,0,0,0,0,0,0,POINT(103.378253 20.017111),0.9780608693305992,0.02193913066940075,0
Guatemala,2018,0.4586,GTM,28.967982155012155,0.8475607999053494,27.0,1.3401656858653757,1.1544138005043578,3.75186186704512,0.5122,0.3753,2.72699999809265,2.0292284131582,22.1,0,0,0,0,0,0,0,0,0,0,POINT(-89.898809 15.635609),0.9186279839378981,0.08137201606210182,0
Guatemala,2019,0.4586,GTM,28.967982155012155,0.8475607999053494,27.0,1.3401656858653757,1.1544138005043578,3.75186186704512,0.5122,0.3753,2.74600005149841,2.0292284131582,22.1,0,0,0,0,0,0,0,0,0,0,POINT(-89.898809 15.635609),0.9186279839378981,0.08137201606210182,0
Tajikistan,2018,0.5473,TJK,67.65100803501021,-5.0309408170782834,25.0,2.9358469301155656,4.6994643407949725,6.0045808232215405,0.5107,0.3386,10.921999931335401,5.68812891414078,30.4,1,1,0,0,0,0,0,0,0,0,POINT(70.815654 38.628173),0.7054584232079713,0.2945415767920287,0
Tajikistan,2019,0.5473,TJK,67.65100803501021,-5.0309408170782834,25.0,2.9358469301155656,4.6994643407949725,6.0045808232215405,0.5107,0.3386,11.0819997787476,5.68812891414078,30.4,0,0,0,0,0,0,0,0,0,0,POINT(70.815654 38.628173),0.9002541474159697,0.09974585258403035,0
Estonia,2018,0.4944,EST,9.74,1.9926774243280243,73.0,3.8402654097284015,4.48356857067742,3.4363268842044503,0.5062,0.4985,5.50799989700317,1.04503131135896,2.1,1,0,0,0,0,0,0,0,0,0,POINT(25.331908 58.752378),0.9922894539212531,0.007710546078746917,0
Estonia,2019,0.4944,EST,9.74,2.212566,73.0,3.8402654097284015,4.48356857067742,3.4363268842044503,0.5062,0.4985,5.881999969482419,1.04503131135896,2.1,0,0,0,0,0,0,0,0,0,0,POINT(25.331908 58.752378),0.9894433531109599,0.010556646889040152,0
Myanmar,2018,0.5072,MMR,21.54803968804785,-3.001006820057109,29.0,1.8131008433994131,5.555804237504018,1.46758322674671,0.5062,0.1974,1.56400001049042,7.1388844155997075,36.8,1,0,0,0,0,0,0,0,0,0,POINT(95.999965 17.17505),0.6052285942113809,0.39477140578861913,0
Myanmar,2019,0.5072,MMR,21.54803968804785,-3.001006820057109,29.0,1.8131008433994131,5.555804237504018,1.46758322674671,0.5062,0.1974,1.57500004768372,7.1388844155997075,36.8,0,0,0,0,0,0,0,0,0,0,POINT(95.999965 17.17505),0.8599394719831434,0.14006052801685662,0
North Macedonia,2018,0.5021,MKD,72.026875224135,-0.2020212447140888,37.0,5.1193632883317335,2.6171769448899624,1.4583129850712702,0.5023,0.5899,21.5520000457764,1.91422832542108,8.7,0,0,0,0,0,0,0,0,0,0,POINT(21.716839 41.617121),0.9975714671892951,0.002428532810704873,0
North Macedonia,2019,0.5021,MKD,72.026875224135,-0.2020212447140888,37.0,5.1193632883317335,2.6171769448899624,1.4583129850712702,0.5023,0.5899,21.580999374389602,1.91422832542108,8.7,0,0,0,0,0,0,0,0,0,0,POINT(21.716839 41.617121),0.9975714671892951,0.002428532810704873,0
Bahrain,2018,0.4344,BHR,61.86,-6.4498536910510325,36.0,0.29452030181989475,-3.1106251056285856,2.08481249596594,0.5021,0.5528,0.962000012397766,3.5151128021841003,6.1,0,0,0,0,0,0,0,0,0,0,POINT(50.534461 26.155125),0.9088574321083771,0.09114256789162295,0
Bahrain,2019,0.4344,BHR,61.86,-6.4498536910510325,36.0,0.29452030181989475,-3.1106251056285856,2.08481249596594,0.5021,0.5528,0.9679999947547908,3.5151128021841003,6.1,0,0,0,0,0,0,0,0,0,0,POINT(50.534461 26.155125),0.9088574321083771,0.09114256789162295,0
"Venezuela, RB",2018,0.0686,VEN,41.5,1.0197791995740244,18.0,0.2353017669275295,-18.17310609575437,254.948534781815,0.4966,0.135,8.36499977111816,11.8165572401562,21.4,1,0,0,0,0,0,0,0,0,0,POINT(-66.110932 8.001871),0.7834317533705073,0.2165682466294927,0
"Venezuela, RB",2019,0.0686,VEN,41.5,1.0197791995740244,18.0,0.2353017669275295,-18.17310609575437,254.948534781815,0.4966,0.135,9.079000473022461,11.8165572401562,21.4,0,0,0,0,0,0,0,0,0,0,POINT(-66.110932 8.001871),0.8359519969334824,0.16404800306651757,0
Georgia,2018,0.4749,GEO,110.63363667034322,-6.777087229359855,58.0,6.924297303440938,4.715845403377216,,0.4923,0.6543,14.105999946594201,1.0804127943342299,8.7,1,0,0,0,0,0,0,0,0,0,POINT(44.028738 41.680971),0.8990624256941588,0.10093757430584112,0
Georgia,2019,0.4749,GEO,110.63363667034322,-6.777087229359855,58.0,6.924297303440938,4.715845403377216,,0.4923,0.6543,14.246000289917,1.0804127943342299,8.7,0,0,0,0,0,0,0,0,0,0,POINT(44.028738 41.680971),0.9820624604243783,0.01793753957562169,0
United States,2018,0.5647,USA,105.15,-2.389908448664608,71.0,1.257718459300574,2.2917294919873537,2.44258329692818,0.4901,0.8241,3.93300008773804,0.473108552273319,5.6,0,0,0,0,0,0,0,0,0,0,POINT(-100.445882 39.78373),0.9029134315020662,0.09708656849793389,0
United States,2019,0.5647,USA,105.15,-2.325793,71.0,1.257718459300574,2.2917294919873537,2.44258329692818,0.4901,0.8241,3.86899995803833,0.473108552273319,5.6,0,0,0,0,0,0,0,0,0,0,POINT(-100.445882 39.78373),0.9192844678994401,0.08071553210055989,0
Nicaragua,2018,0.0473,NIC,90.70408932270011,0.6327258582783635,25.0,2.738254557754101,-5.0159655436952155,4.94723728039882,0.4844,0.429,4.47900009155273,3.4557296981439,15.7,0,0,0,0,0,0,0,0,0,0,POINT(-84.870031 12.372493),0.9141964416139882,0.08580355838601186,0
Nicaragua,2019,0.0473,NIC,90.70408932270011,0.6327258582783635,25.0,2.738254557754101,-5.0159655436952155,4.94723728039882,0.4844,0.429,4.86999988555908,3.4557296981439,15.7,0,0,0,0,0,0,0,0,0,0,POINT(-84.870031 12.372493),0.9141964416139882,0.08580355838601186,0
Morocco,2018,0.4683,MAR,42.236744404865476,-5.465291080373071,43.0,3.074940381711381,1.648630513760068,1.91295940503111,0.4841,0.0035,9.03999996185303,1.62830582015721,19.2,1,0,0,0,0,0,0,0,0,0,POINT(-7.336604 31.172819),0.8882541921401388,0.11174580785986127,0
Morocco,2019,0.4683,MAR,42.236744404865476,-5.465291080373071,43.0,3.074940381711381,1.648630513760068,1.91295940503111,0.4841,0.0035,9.02799987792969,1.62830582015721,19.2,0,0,0,0,0,0,0,0,0,0,POINT(-7.336604 31.172819),0.9247469023676731,0.07525309763232696,0
Ukraine,2018,0.4741,UKR,89.62760585387018,-3.337858859371918,32.0,1.8924979472875816,3.862732571673092,10.9518559353179,0.4737,0.6157,9.38099956512451,3.99967088481,7.5,1,0,0,0,0,0,0,0,0,0,POINT(31.271832 49.487197),0.9197361874922635,0.08026381250773655,0
Ukraine,2019,0.4741,UKR,89.62760585387018,-3.337858859371918,32.0,1.8924979472875816,3.862732571673092,10.9518559353179,0.4737,0.6157,9.3120002746582,3.99967088481,7.5,0,0,0,0,0,0,0,0,0,0,POINT(31.271832 49.487197),0.9150611488513436,0.08493885114865639,0
Mauritius,2018,0.4547,MUS,71.77360123068308,-5.733496969384942,51.0,2.612581410420445,3.7172285664734233,3.2160538314458003,0.4634,0.6385,6.86700010299683,0.00337314450937968,13.6,0,0,0,0,0,0,0,0,0,0,POINT(57.570357 -20.275945),1.0,0.0,0
Mauritius,2019,0.4547,MUS,71.77360123068308,-5.733496969384942,51.0,2.612581410420445,3.7172285664734233,3.2160538314458003,0.4634,0.6385,6.86899995803833,0.00337314450937968,13.6,0,0,0,0,0,0,0,0,0,0,POINT(57.570357 -20.275945),1.0,0.0,0
Oman,2018,0.3567,OMN,14.88,-5.482981670794475,52.0,8.000157470498888,-1.6821018240382417,0.8813021040095359,0.4373,0.4322,3.11299991607666,23.487691326854,9.8,0,0,0,0,0,0,0,0,0,0,POINT(57.00369 21.000029),0.9963600518065728,0.003639948193427153,0
Oman,2019,0.3567,OMN,14.88,-5.482981670794475,52.0,8.000157470498888,-1.6821018240382417,0.8813021040095359,0.4373,0.4322,3.0840001106262203,23.487691326854,9.8,0,0,0,0,0,0,0,0,0,0,POINT(57.00369 21.000029),0.9963600518065728,0.003639948193427153,0
Palau,2018,0.3157,PLW,,-18.09055413358016,,7.570558485381253,1.1432330894916731,1.28046261875257,0.4312,0.7147,1.35689997673035,0.0,16.6,0,0,0,0,0,0,0,0,0,0,,1.0,0.0,0
Palau,2019,0.3157,PLW,,-18.09055413358016,,7.570558485381253,1.1432330894916731,1.28046261875257,0.4312,0.7147,1.35689997673035,0.0,16.6,0,0,0,0,0,0,0,0,0,0,,1.0,0.0,0
Dominican Republic,2018,0.0395,DOM,43.77474032642608,-1.3553792399920108,30.0,3.2078633357692947,5.834559565578019,3.56443426013508,0.4294,0.3118,5.8289999961853,2.52504518689752,24.1,0,0,0,0,0,0,0,0,0,0,POINT(-69.897779 18.475606),0.9788079211214178,0.02119207887858222,0
Dominican Republic,2019,0.0395,DOM,43.77474032642608,-1.3553792399920108,30.0,3.2078633357692947,5.834559565578019,3.56443426013508,0.4294,0.3118,5.82800006866455,2.52504518689752,24.1,0,0,0,0,0,0,0,0,0,0,POINT(-69.897779 18.475606),0.9788079211214178,0.02119207887858222,0
"Bahamas, The",2018,0.1855,BHS,63.58,-12.114832347014852,65.0,3.9551264777630255,0.5441501887927984,2.26586346678726,0.4228,0.6815,11.8500003814697,0.0150773200629911,8.3,0,0,0,0,0,0,0,0,0,0,POINT(-78.000055 24.773655),0.9997730065031252,2.269934968747741E-4,0
"Bahamas, The",2019,0.1855,BHS,63.58,-12.114832347014852,65.0,3.9551264777630255,0.5441501887927984,2.26586346678726,0.4228,0.6815,11.501999855041499,0.0150773200629911,8.3,0,0,0,0,0,0,0,0,0,0,POINT(-78.000055 24.773655),0.9997730065031252,2.269934968747741E-4,0
India,2018,0.8069,IND,19.32065220666696,-2.4128687002884446,41.0,1.5491577380455244,5.709116885485628,4.86069946650859,0.4182,0.326,2.55100011825562,2.14297229698964,29.9,1,0,0,0,0,0,0,0,0,0,POINT(78.667743 22.351115),0.8382226073905814,0.16177739260941856,0
India,2019,0.8069,IND,19.32065220666696,-2.4128687002884446,41.0,1.5491577380455244,5.709116885485628,4.86069946650859,0.4182,0.326,2.55100011825562,2.14297229698964,29.9,0,0,0,0,0,0,0,0,0,0,POINT(78.667743 22.351115),0.8096287356287164,0.19037126437128354,0
Cabo Verde,2018,0.0,CPV,89.29505223717037,-4.781391491826851,57.0,5.462025189691642,3.865935847282657,1.2569956669050901,0.4174,0.0766,12.2760000228882,0.746739863408027,16.7,0,0,0,0,0,0,0,0,0,0,POINT(-23.610253 15.045452),0.9997730065031252,2.269934968747741E-4,0
Cabo Verde,2019,0.0,CPV,89.29505223717037,-4.781391491826851,57.0,5.462025189691642,3.865935847282657,1.2569956669050901,0.4174,0.0766,12.3030004501343,0.746739863408027,16.7,0,0,0,0,0,0,0,0,0,0,POINT(-23.610253 15.045452),0.9997730065031252,2.269934968747741E-4,0
Spain,2018,0.4132,ESP,99.26,1.9243005165386389,58.0,3.458269985874248,2.065112041939841,1.67506761489627,0.4165,0.4514,15.4870004653931,0.101134062531526,2.5,0,0,0,0,0,0,0,0,0,0,POINT(-4.003104 40.002803),0.9833483921142567,0.016651607885743238,0
Spain,2019,0.4132,ESP,99.26,1.9243005165386389,58.0,3.458269985874248,2.065112041939841,1.67506761489627,0.4165,0.4514,14.6999998092651,0.101134062531526,2.5,0,0,0,0,0,0,0,0,0,0,POINT(-4.003104 40.002803),0.9733483921142567,0.026651607885743236,0
Sri Lanka,2018,0.4645,LKA,60.84676189967695,-3.1649685949331365,38.0,1.8116198078956496,2.132746096384849,2.13503773713198,0.415,0.4853,4.39900016784668,0.13796267134950102,6.4,0,0,0,0,0,0,0,0,0,0,POINT(80.703825 7.878),0.9482741691848434,0.05172583081515656,0
Sri Lanka,2019,0.4645,LKA,60.84676189967695,-3.1649685949331365,38.0,1.8116198078956496,2.132746096384849,2.13503773713198,0.415,0.4853,4.32299995422363,0.13796267134950102,6.4,0,0,0,0,0,0,0,0,0,0,POINT(80.703825 7.878),0.9482741691848434,0.05172583081515656,0
Jamaica,2018,0.1098,JAM,108.00957179589571,-1.8300687268436948,44.0,4.929522069761241,1.4545249280959638,3.73872391396056,0.4129,0.616,9.44499969482422,1.21248109709654,12.4,0,0,0,0,0,0,0,0,0,0,POINT(-77.394769 18.185051),0.9992197006798259,7.802993201741305E-4,0
Jamaica,2019,0.1098,JAM,108.00957179589571,-1.8300687268436948,44.0,4.929522069761241,1.4545249280959638,3.73872391396056,0.4129,0.616,9.52400016784668,1.21248109709654,12.4,0,0,0,0,0,0,0,0,0,0,POINT(-77.394769 18.185051),0.9992197006798259,7.802993201741305E-4,0
Uzbekistan,2018,0.412,UZB,33.88852912054379,-7.1166440476271555,23.0,1.2370369836178268,3.314122563390016,,0.4125,0.2133,5.22300004959106,14.694999264042401,19.1,1,1,0,0,0,0,0,0,0,0,POINT(63.95281 41.32373),0.7793333045868289,0.22066669541317108,0
Uzbekistan,2019,0.412,UZB,33.88852912054379,-7.1166440476271555,23.0,1.2370369836178268,3.314122563390016,,0.4125,0.2133,5.499000072479251,14.694999264042401,19.1,0,0,0,0,0,0,0,0,0,0,POINT(63.95281 41.32373),0.8431146862794369,0.15688531372056314,0
Botswana,2018,0.411,BWA,9.71543238275261,1.8546948751444017,61.0,1.2286101127120093,2.183074072937956,3.2380155894771003,0.4102,0.5986,17.9409999847412,1.04164918451054,30.0,0,0,0,0,0,0,0,0,0,0,POINT(24.592874 -23.168178),0.9844553451897127,0.01554465481028735,0
Botswana,2019,0.411,BWA,9.71543238275261,1.8546948751444017,61.0,1.2286101127120093,2.183074072937956,3.2380155894771003,0.4102,0.5986,18.1919994354248,1.04164918451054,30.0,0,0,0,0,0,0,0,0,0,0,POINT(24.592874 -23.168178),0.9844553451897127,0.01554465481028735,0
Bulgaria,2018,0.3031,BGR,60.28851748050464,5.361679365264679,42.0,1.8770529801631315,3.840315457930217,2.81186840582685,0.4021,0.5965,5.26100015640259,1.4257311752668202,5.9,1,0,0,0,0,0,0,0,0,0,POINT(25.485662 42.607398),0.9621792106801808,0.037820789319819303,0
Bulgaria,2019,0.3031,BGR,60.28851748050464,5.361679365264679,42.0,1.8770529801631315,3.840315457930217,2.81186840582685,0.4021,0.5965,4.8189997673034695,1.4257311752668202,5.9,0,0,0,0,0,0,0,0,0,0,POINT(25.485662 42.607398),0.9651341729728644,0.034865827027135615,0
New Zealand,2018,0.1657,NZL,29.95,-3.7617277812511687,87.0,1.0388519763233102,0.8466322974326914,1.59829703801698,0.3969,0.8109999999999999,4.5219998359680185,1.0442146693078,4.7,0,0,0,0,0,0,0,0,0,0,POINT(172.834408 -41.500083),0.9893178042923181,0.01068219570768194,0
New Zealand,2019,0.1657,NZL,29.95,-2.958519,87.0,1.0388519763233102,0.8466322974326914,1.59829703801698,0.3969,0.8109999999999999,4.80700016021729,1.0442146693078,4.7,0,0,0,0,0,0,0,0,0,0,POINT(172.834408 -41.500083),0.9993178042923181,6.82195707681939E-4,0
Turkmenistan,2018,0.3984,TKM,2.3238528361548907,,20.0,4.870194653171087,4.507616161873472,,0.3918,0.2327,3.7829999923706095,17.4153086521396,39.3,1,1,0,0,0,0,0,0,0,0,POINT(59.392461 39.376381),0.7920100225040692,0.20798997749593084,0
Turkmenistan,2019,0.3984,TKM,2.3238528361548907,,20.0,4.870194653171087,4.507616161873472,,0.3918,0.2327,3.8510000705719,17.4153086521396,39.3,0,0,0,0,0,0,0,0,0,0,POINT(59.392461 39.376381),0.9104698607215493,0.08953013927845062,0
Zimbabwe,2018,0.4472,ZWE,39.80752454017307,-1.3492780062172125,22.0,2.402015232192688,4.672029259030566,0.909733289628101,0.3874,0.7363,4.91499996185303,7.02687794069386,33.9,1,0,0,0,0,0,0,0,0,0,POINT(29.746841 -18.455496),0.7894429422783392,0.2105570577216608,0
Zimbabwe,2019,0.4472,ZWE,39.80752454017307,-1.3492780062172125,22.0,2.402015232192688,4.672029259030566,0.909733289628101,0.3874,0.7363,4.8979997634887695,7.02687794069386,33.9,0,0,0,0,0,0,0,0,0,0,POINT(29.746841 -18.455496),0.9443292605855282,0.055670739414471766,0
Singapore,2018,0.3835,SGP,104.68,17.86926818498486,85.0,22.528649529705728,2.6561500075620335,0.4385186177785929,0.3857,0.6561,3.76799988746643,4.28526725640895E-4,2.3,0,0,0,0,0,0,0,0,0,0,POINT(103.852036 1.290475),1.0,0.0,0
Singapore,2019,0.3835,SGP,104.68,17.86926818498486,85.0,22.528649529705728,2.6561500075620335,0.4385186177785929,0.3857,0.6561,3.62400007247925,4.28526725640895E-4,2.3,0,0,0,0,0,0,0,0,0,0,POINT(103.852036 1.290475),1.0,0.0,0
Croatia,2018,0.0763,HRV,86.67,2.3929728709078715,48.0,2.1064869314344605,3.5124607166123525,1.5001250104175299,0.369,0.4447,8.85000038146973,0.668775094923895,4.0,0,0,0,0,0,0,0,0,0,0,POINT(17.011895 45.564344),0.9593879070637998,0.04061209293620016,0
Croatia,2019,0.0763,HRV,86.67,2.3929728709078715,48.0,2.1064869314344605,3.5124607166123525,1.5001250104175299,0.369,0.4447,7.769000053405759,0.668775094923895,4.0,0,0,0,0,0,0,0,0,0,0,POINT(17.011895 45.564344),0.9693879070637998,0.030612092936200163,0
Iraq,2018,0.3694,IRQ,61.4,15.327924431363197,18.0,-2.178630577682316,-2.8416426938730415,0.36744148893680995,0.3689,0.4844,7.92799997329712,37.9783375197936,22.5,1,1,0,0,0,0,0,0,0,0,POINT(44.174978 33.095579),0.9544518673656393,0.045548132634360715,0
Iraq,2019,0.3694,IRQ,61.4,15.327924431363197,18.0,-2.178630577682316,-2.8416426938730415,0.36744148893680995,0.3689,0.4844,7.90500020980835,37.9783375197936,22.5,0,0,0,0,0,0,0,0,0,0,POINT(44.174978 33.095579),0.812334762798745,0.18766523720125505,0
Mongolia,2018,0.3734,MNG,253.87211209457703,-14.559914570153966,37.0,14.935070499627935,5.317252546191682,6.8000388794628295,0.3682,0.0799,6.32000017166138,40.524813019053,14.0,1,0,0,0,0,0,0,0,0,0,POINT(103.849974 46.825039),0.9861145470665831,0.013885452933416951,0
Mongolia,2019,0.3734,MNG,253.87211209457703,-14.559914570153966,37.0,14.935070499627935,5.317252546191682,6.8000388794628295,0.3682,0.0799,6.34600019454956,40.524813019053,14.0,0,0,0,0,0,0,0,0,0,0,POINT(103.849974 46.825039),0.9669010865815798,0.033098913418420146,0
Equatorial Guinea,2018,0.322,GNQ,13.98,-147.99730380830798,16.0,2.947239815353092,-9.497352683240225,1.06007410662164,0.3467,0.1195,9.16199970245361,24.251228804504798,62.6,1,0,0,0,0,0,0,0,0,0,POINT(10.517036 1.613172),0.8691676550123542,0.1308323449876458,0
Equatorial Guinea,2019,0.322,GNQ,13.98,-147.99730380830798,16.0,2.947239815353092,-9.497352683240225,1.06007410662164,0.3467,0.1195,9.21199989318848,24.251228804504798,62.6,0,0,0,0,0,0,0,0,0,0,POINT(10.517036 1.613172),0.9542978767553844,0.045702123244615596,0
Israel,2018,0.5525,ISR,64.08,2.503184283324858,61.0,5.609626129717791,1.4681944832543934,0.814852150537637,0.3436,0.3469,3.95000004768372,0.14112418396371498,3.0,1,1,0,0,0,0,0,0,0,0,POINT(35.00152 30.876027),0.5780486478921969,0.42195135210780316,0
Israel,2019,0.5525,ISR,64.08,3.474514,61.0,5.609626129717791,1.4681944832543934,0.814852150537637,0.3436,0.3469,3.93099999427795,0.14112418396371498,3.0,0,0,0,0,0,0,0,0,0,0,POINT(35.00152 30.876027),0.8619032174253445,0.13809678257465552,0
Algeria,2018,0.4427,DZA,3.216267375026473,-13.178013148682144,35.0,0.8669052905440184,-0.6151832643360109,4.26999020467078,0.3394,0.0091,12.145000457763699,14.706163078181,20.1,1,0,0,0,0,0,0,0,0,0,POINT(2.999983 28.000027),0.7610269415057762,0.23897305849422384,0
Algeria,2019,0.4427,DZA,3.216267375026473,-13.178013148682144,35.0,0.8669052905440184,-0.6151832643360109,4.26999020467078,0.3394,0.0091,12.3489999771118,14.706163078181,20.1,0,0,0,0,0,0,0,0,0,0,POINT(2.999983 28.000027),0.9119412227035284,0.08805877729647159,0
Rwanda,2018,0.0,RWA,58.04334265764454,-7.854775883917313,56.0,3.2130599631990333,5.772764955423143,-0.312727199101258,0.3238,0.5066,0.9710000157356259,5.89948339840578,27.0,1,0,0,0,0,0,0,0,0,0,POINT(30.064436 -1.964663),0.7883820453755186,0.21161795462448135,0
Rwanda,2019,0.0,RWA,58.04334265764454,-7.854775883917313,56.0,3.2130599631990333,5.772764955423143,-0.312727199101258,0.3238,0.5066,0.991999983787537,5.89948339840578,27.0,0,0,0,0,0,0,0,0,0,0,POINT(30.064436 -1.964663),0.9057364689583376,0.09426353104166241,0
Lithuania,2018,0.3219,LTU,42.78,1.5302236464955266,59.0,1.6239374189461804,5.08896661508804,2.6979277920839704,0.3223,0.4141,6.006999969482419,0.32779121908896197,3.3,1,0,0,0,0,0,0,0,0,0,POINT(23.75 55.35),0.9345189243292399,0.06548107567076011,0
Lithuania,2019,0.3219,LTU,42.78,4.234118,59.0,1.6239374189461804,5.08896661508804,2.6979277920839704,0.3223,0.4141,6.638000011444089,0.32779121908896197,3.3,0,0,0,0,0,0,0,0,0,0,POINT(23.75 55.35),0.9336414412968221,0.0663585587031778,0
Belarus,2018,0.4666,BLR,67.67333309853497,-0.05765766240047759,44.0,2.3909492852988814,3.18981305431069,4.872302205506879,0.3222,0.6116,5.70800018310547,1.37734206534863,2.6,1,0,0,0,0,0,0,0,0,0,POINT(27.697136 53.425061),1.0,0.0,0
Belarus,2019,0.4666,BLR,67.67333309853497,-0.05765766240047759,44.0,2.3909492852988814,3.18981305431069,4.872302205506879,0.3222,0.6116,5.79500007629395,1.37734206534863,2.6,0,0,0,0,0,0,0,0,0,0,POINT(27.697136 53.425061),0.9788948001276113,0.02110519987238866,0
Czech Republic,2018,0.3233,CZE,40.31,0.3507169003073089,59.0,3.463600225752329,2.654919439735167,2.14949494949492,0.3222,0.6591,2.3970000743866,0.310398012158729,2.7,0,0,0,0,0,0,0,0,0,0,POINT(15.474954 49.8167),0.9877058017909428,0.012294198209057236,0
Czech Republic,2019,0.3233,CZE,40.31,0.3507169003073089,59.0,3.463600225752329,2.654919439735167,2.14949494949492,0.3222,0.6591,2.4739999771118195,0.310398012158729,2.7,0,0,0,0,0,0,0,0,0,0,POINT(15.474954 49.8167),0.9877058017909428,0.012294198209057236,0
Turkey,2018,0.2216,TUR,58.9734270310309,-3.5045035871113406,41.0,1.6932643293600629,1.3055642851683444,16.3324638988929,0.32,0.0049,10.895000457763699,0.36330328356635994,9.1,1,1,0,0,0,0,0,0,0,0,POINT(34.924965 38.959759),0.7577682137216379,0.24223178627836206,0
Turkey,2019,0.2216,TUR,58.9734270310309,-3.5045035871113406,41.0,1.6932643293600629,1.3055642851683444,16.3324638988929,0.32,0.0049,11.895000457763699,0.36330328356635994,9.1,0,0,0,0,0,0,0,0,0,0,POINT(34.924965 38.959759),0.9337146156956965,0.06628538430430356,0
Romania,2018,0.1723,ROU,47.975153561778704,-4.568784815383907,47.0,3.0655324473528904,4.559978445059117,4.62548443137781,0.3069,0.2373,4.29500007629395,0.8461631476882371,6.1,1,0,0,0,0,0,0,0,0,0,POINT(24.685923 45.985213),0.9135030645917387,0.08649693540826134,0
Romania,2019,0.1723,ROU,47.975153561778704,-4.568784815383907,47.0,3.0655324473528904,4.559978445059117,4.62548443137781,0.3069,0.2373,4.15899991989136,0.8461631476882371,6.1,0,0,0,0,0,0,0,0,0,0,POINT(24.685923 45.985213),0.9584854821596698,0.04151451784033023,0
St. Vincent and the Grenadines,2018,0.0175,VCT,37.59273623238988,-12.219771784872108,58.0,13.564940666687539,1.80809329953506,2.32414485367923,0.3066,0.7028,19.760999679565398,0.0401769985565718,14.8,0,0,0,0,0,0,0,0,0,0,POINT(-61.276557 12.90447),0.9997730065031252,2.269934968747741E-4,0
St. Vincent and the Grenadines,2019,0.0175,VCT,37.59273623238988,-12.219771784872108,58.0,13.564940666687539,1.80809329953506,2.32414485367923,0.3066,0.7028,19.7099990844727,0.0401769985565718,14.8,0,0,0,0,0,0,0,0,0,0,POINT(-61.276557 12.90447),0.9997730065031252,2.269934968747741E-4,0
Burundi,2018,0.2977,BDI,19.16165158135436,-11.94115362456622,17.0,0.03239279588381474,-1.5574073538321611,-2.8146980766847003,0.2951,0.5158,1.52799999713898,16.2107706692955,41.0,1,0,0,0,0,0,0,0,0,0,POINT(29.887058 -3.363436),0.7230633522100204,0.2769366477899796,0
Burundi,2019,0.2977,BDI,19.16165158135436,-11.94115362456622,17.0,0.03239279588381474,-1.5574073538321611,-2.8146980766847003,0.2951,0.5158,1.5379999876022301,16.2107706692955,41.0,0,0,0,0,0,0,0,0,0,0,POINT(29.887058 -3.363436),0.953758784788994,0.046241215211005965,0
San Marino,2018,0.0,SMR,19.88,,,0.015672937293729376,0.9965845980220536,1.04597683468952,0.2927,0.1975,6.449999809265139,0.0,1.7,0,0,0,0,0,0,0,0,0,0,,1.0,0.0,0
San Marino,2019,0.0,SMR,19.88,,,0.015672937293729376,0.9965845980220536,1.04597683468952,0.2927,0.1975,6.449999809265139,0.0,1.7,0,0,0,0,0,0,0,0,0,0,,1.0,0.0,0
Taiwan,2018,0.5028,,,,,,,,0.2744,0.6845,,,,0,0,0,0,0,0,0,0,0,0,,0.9997730065031252,2.269934968747741E-4,0
Taiwan,2019,0.5028,,,,,,,,0.2744,0.6845,,,,0,0,0,0,0,0,0,0,0,0,,0.9997730065031252,2.269934968747741E-4,0
Papua New Guinea,2018,0.3526,PNG,78.39206778444074,24.32452162654225,28.0,1.4264721217282312,-2.76011441200268,5.42204568023833,0.2718,0.5523,2.36700010299683,21.834755734250397,38.0,1,0,0,0,0,0,0,0,0,0,POINT(144.248908 -5.681607),0.8698365320422683,0.13016346795773165,0
Papua New Guinea,2019,0.3526,PNG,78.39206778444074,24.32452162654225,28.0,1.4264721217282312,-2.76011441200268,5.42204568023833,0.2718,0.5523,2.36899995803833,21.834755734250397,38.0,0,0,0,0,0,0,0,0,0,0,POINT(144.248908 -5.681607),0.9643019837866682,0.0356980162133318,0
Grenada,2018,0.0,GRD,58.83148670236943,-9.809022123534042,52.0,12.964386429173762,3.6350831460694617,0.804102313277037,0.2661,0.5898,22.899999618530305,0.0,13.7,0,0,0,0,0,0,0,0,0,0,POINT(-61.690404 12.136037),1.0,0.0,0
Grenada,2019,0.0,GRD,58.83148670236943,-9.809022123534042,52.0,12.964386429173762,3.6350831460694617,0.804102313277037,0.2661,0.5898,22.899999618530305,0.0,13.7,0,0,0,0,0,0,0,0,0,0,POINT(-61.690404 12.136037),1.0,0.0,0
Argentina,2018,0.0618,ARG,56.132840792129784,-5.285685482047152,40.0,2.2838059425056576,-3.4673762431443147,,0.255,0.2236,9.48299980163574,1.32281274795408,8.8,0,0,0,0,0,0,0,0,0,0,POINT(-64.967282 -34.996496),0.9794512918965051,0.020548708103494837,0
Argentina,2019,0.0618,ARG,56.132840792129784,-5.285685482047152,40.0,2.2838059425056576,-3.4673762431443147,,0.255,0.2236,9.98499965667725,1.32281274795408,8.8,0,0,0,0,0,0,0,0,0,0,POINT(-64.967282 -34.996496),0.9794512918965051,0.020548708103494837,0
Lesotho,2018,0.2543,LSO,29.224167216053985,-0.14767336039986886,41.0,1.4453582342920253,0.3320734906013598,4.00999803947733,0.255,0.7211,23.5960006713867,5.8913739656049575,65.7,0,0,0,0,0,0,0,0,0,0,POINT(28.335019 -29.603927),0.9811122916042097,0.018887708395790292,0
Lesotho,2019,0.2543,LSO,29.224167216053985,-0.14767336039986886,41.0,1.4453582342920253,0.3320734906013598,4.00999803947733,0.255,0.7211,23.475000381469695,5.8913739656049575,65.7,0,0,0,0,0,0,0,0,0,0,POINT(28.335019 -29.603927),0.9811122916042097,0.018887708395790292,0
Slovak Republic,2018,0.2551,SVK,52.91,-2.606491875465548,50.0,2.409633247390504,3.885130151577656,2.5140371288380803,0.2539,0.5655,6.75600004196167,0.29021668790957,4.6,0,0,0,0,0,0,0,0,0,0,POINT(19.452865 48.741152),0.991002829202053,0.008997170797947075,0
Slovak Republic,2019,0.2551,SVK,52.91,-2.606491875465548,50.0,2.409633247390504,3.885130151577656,2.5140371288380803,0.2539,0.5655,6.36700010299683,0.29021668790957,4.6,0,0,0,0,0,0,0,0,0,0,POINT(19.452865 48.741152),0.991002829202053,0.008997170797947075,0
Uruguay,2018,0.0817,URY,64.29,0.12704564821420314,70.0,1.9678529491983925,1.2473125475713829,7.6065336037704405,0.2504,0.3548,7.96099996566772,1.6491496554359901,6.4,0,0,0,0,0,0,0,0,0,0,POINT(-56.020152 -32.875555),0.9693435497049163,0.03065645029508367,0
Uruguay,2019,0.0817,URY,64.29,0.12704564821420314,70.0,1.9678529491983925,1.2473125475713829,7.6065336037704405,0.2504,0.3548,7.94199991226196,1.6491496554359901,6.4,0,0,0,0,0,0,0,0,0,0,POINT(-56.020152 -32.875555),0.9693435497049163,0.03065645029508367,0
Russian Federation,2018,0.2485,RUS,28.08602724663295,6.844717318676831,28.0,0.5299885596595771,2.2617805039856904,2.87831382614987,0.2452,0.4398,4.74399995803833,10.7019792261544,6.1,1,0,0,0,0,0,0,0,0,0,POINT(97.745306 64.686314),0.8303605595888871,0.1696394404111129,0
Russian Federation,2019,0.2485,RUS,28.08602724663295,6.844717318676831,28.0,0.5299885596595771,2.2617805039856904,2.87831382614987,0.2452,0.4398,4.54500007629395,10.7019792261544,6.1,0,0,0,0,0,0,0,0,0,0,POINT(97.745306 64.686314),0.8317978290550553,0.16820217094494475,0
Philippines,2018,0.836,PHL,19.851855428924885,-2.637935118915508,36.0,2.971298141744918,4.770738945785637,5.21160460595185,0.2385,0.3056,2.51500010490417,1.20822949161558,22.5,0,0,0,0,0,0,0,0,0,0,POINT(120.974218 14.591954),0.8939648249767893,0.1060351750232107,0
Philippines,2019,0.836,PHL,19.851855428924885,-2.637935118915508,36.0,2.971298141744918,4.770738945785637,5.21160460595185,0.2385,0.3056,2.41199994087219,1.20822949161558,22.5,0,0,0,0,0,0,0,0,0,0,POINT(120.974218 14.591954),0.8839648249767893,0.11603517502321069,0
Vietnam,2018,0.2377,VNM,46.69864202959421,2.4058008699884943,33.0,6.321017488667227,6.0180883975449415,3.53943338061265,0.2383,0.508,1.89100003242493,2.86140244618203,16.5,0,0,0,0,0,0,0,0,0,0,POINT(108.426511 13.290403),1.0,0.0,0
Vietnam,2019,0.2377,VNM,46.69864202959421,2.4058008699884943,33.0,6.321017488667227,6.0180883975449415,3.53943338061265,0.2383,0.508,1.89400005340576,2.86140244618203,16.5,0,0,0,0,0,0,0,0,0,0,POINT(108.426511 13.290403),1.0,0.0,0
Costa Rica,2018,0.0489,CRI,48.982159577589435,-3.103525718346931,56.0,4.596530130889839,1.6180617849411476,2.22119827424349,0.2368,0.241,8.12800025939941,1.18134906414275,7.6,0,0,0,0,0,0,0,0,0,0,POINT(-84.07391 10.273563),0.9997730065031252,2.269934968747741E-4,0
Costa Rica,2019,0.0489,CRI,48.982159577589435,-3.103525718346931,56.0,4.596530130889839,1.6180617849411476,2.22119827424349,0.2368,0.241,8.19099998474121,1.18134906414275,7.6,0,0,0,0,0,0,0,0,0,0,POINT(-84.07391 10.273563),0.9997730065031252,2.269934968747741E-4,0
Slovenia,2018,0.2201,SVN,83.15,5.690351219020648,60.0,2.821540732459121,4.068661066009383,1.73860861988181,0.2216,0.2868,5.5100002288818395,0.213509064303049,1.7,0,0,0,0,0,0,0,0,0,0,POINT(14.480837 45.813311),0.9842364800463049,0.015763519953695064,0
Slovenia,2019,0.2201,SVN,83.15,5.690351219020648,60.0,2.821540732459121,4.068661066009383,1.73860861988181,0.2216,0.2868,5.5019998550415,0.213509064303049,1.7,0,0,0,0,0,0,0,0,0,0,POINT(14.480837 45.813311),0.9842364800463049,0.015763519953695064,0
Albania,2018,0.0399,ALB,67.24429787208672,-6.689211887190522,36.0,7.974727972009437,4.402514870246051,2.02079042583029,0.2204,0.4719,13.8979997634888,1.69885922170872,7.8,0,0,0,0,0,0,0,0,0,0,POINT(19.999962 41.000028),1.0,0.0,0
Albania,2019,0.0399,ALB,67.24429787208672,-6.689211887190522,36.0,7.974727972009437,4.402514870246051,2.02079042583029,0.2204,0.4719,13.956000328064,1.69885922170872,7.8,0,0,0,0,0,0,0,0,0,0,POINT(19.999962 41.000028),1.0,0.0,0
Cambodia,2018,0.2104,KHM,58.24375521057424,-12.192811025209787,20.0,13.0900961289721,5.907741250022112,2.8909246921058,0.2105,0.0965,1.04799997806549,1.73137962858702,24.0,1,0,0,0,0,0,0,0,0,0,POINT(104.869423 13.506639),0.9106782130374589,0.08932178696254113,0
Cambodia,2019,0.2104,KHM,58.24375521057424,-12.192811025209787,20.0,13.0900961289721,5.907741250022112,2.8909246921058,0.2105,0.0965,1.01999998092651,1.73137962858702,24.0,0,0,0,0,0,0,0,0,0,0,POINT(104.869423 13.506639),0.99,0.01,0
Azerbaijan,2018,0.2054,AZE,36.44828575922144,12.891217862280884,25.0,2.988947732501892,0.5121938529835289,1.92188306553188,0.2047,0.4899,5.21999979019165,21.0190254292548,19.2,1,0,0,0,0,0,0,0,0,0,POINT(47.787251 40.393629),0.6661578938668218,0.3338421061331783,0
Azerbaijan,2019,0.2054,AZE,36.44828575922144,12.891217862280884,25.0,2.988947732501892,0.5121938529835289,1.92188306553188,0.2047,0.4899,5.395999908447268,21.0190254292548,19.2,0,0,0,0,0,0,0,0,0,0,POINT(47.787251 40.393629),0.8488489623142231,0.15115103768577684,0
Seychelles,2018,0.1606,SYC,69.0,-16.94370033516664,66.0,2.7628013331907235,2.6431476999724453,3.7029183911156203,0.2025,0.2323,3.5278000831604,0.107254226272661,12.4,0,0,0,0,0,0,0,0,0,0,POINT(55.454015 -4.657498),0.9810657130696384,0.018934286930361567,0
Seychelles,2019,0.1606,SYC,69.0,-16.94370033516664,66.0,2.7628013331907235,2.6431476999724453,3.7029183911156203,0.2025,0.2323,3.5278000831604,0.107254226272661,12.4,0,0,0,0,0,0,0,0,0,0,POINT(55.454015 -4.657498),0.9810657130696384,0.018934286930361567,0
Dominica,2018,0.0,DMA,55.282829951216144,-40.86010674341034,57.0,2.4118485478265903,2.02613137595806,0.989191119189815,0.2003,0.4628,10.960000038147,0.0663738296141435,32.9,0,0,0,0,0,0,0,0,0,0,POINT(-61.365362 15.411314),0.9917565728326909,0.00824342716730904,0
Dominica,2019,0.0,DMA,55.282829951216144,-40.86010674341034,57.0,2.4118485478265903,2.02613137595806,0.989191119189815,0.2003,0.4628,10.960000038147,0.0663738296141435,32.9,0,0,0,0,0,0,0,0,0,0,POINT(-61.365362 15.411314),0.9917565728326909,0.00824342716730904,0
El Salvador,2018,0.0,SLV,71.1250256512361,-4.765532104449475,35.0,1.6380236914832025,2.017978144237276,1.09033000581896,0.1978,0.3559,4.3899998664856,0.9403378297955279,11.8,0,0,0,0,0,0,0,0,0,0,POINT(-88.914068 13.800038),0.9837757822913569,0.016224217708643178,0
El Salvador,2019,0.0,SLV,71.1250256512361,-4.765532104449475,35.0,1.6380236914832025,2.017978144237276,1.09033000581896,0.1978,0.3559,4.34600019454956,0.9403378297955279,11.8,0,0,0,0,0,0,0,0,0,0,POINT(-88.914068 13.800038),0.9837757822913569,0.016224217708643178,0
Honduras,2018,0.0553,HND,43.72910036657645,-5.2706259862421465,29.0,6.0183319584834924,2.0303752382959597,4.34734937777536,0.1867,0.2357,4.0760002136230495,2.0920423298424398,15.1,0,0,0,0,0,0,0,0,0,0,POINT(-86.075514 15.257243),1.0,0.0,0
Honduras,2019,0.0553,HND,43.72910036657645,-5.2706259862421465,29.0,6.0183319584834924,2.0303752382959597,4.34734937777536,0.1867,0.2357,4.10900020599365,2.0920423298424398,15.1,0,0,0,0,0,0,0,0,0,0,POINT(-86.075514 15.257243),1.0,0.0,0
Chile,2018,0.1871,CHL,17.54,-3.0705247089727288,67.0,2.039432008853977,2.5876764943491253,2.4348898135305803,0.1861,0.3841,7.22300004959106,11.4779203364565,6.2,0,0,0,0,0,0,0,0,0,0,POINT(-71.31877 -31.761336),0.9544372815474021,0.04556271845259784,0
Chile,2019,0.1871,CHL,17.54,-3.8747519999999995,67.0,2.039432008853977,2.5876764943491253,2.4348898135305803,0.1861,0.3841,7.43200016021729,11.4779203364565,6.2,0,0,0,0,0,0,0,0,0,0,POINT(-71.31877 -31.761336),0.970605941418662,0.02939405858133807,0
St. Kitts and Nevis,2018,0.0,KNA,67.76,-7.159130587669117,,9.255081009161774,2.1467248094221683,-1.03712214131567,0.1842,0.6614,5.11999988555908,0.0,9.8,0,0,0,0,0,0,0,0,0,0,,1.0,0.0,0
St. Kitts and Nevis,2019,0.0,KNA,67.76,-7.159130587669117,,9.255081009161774,2.1467248094221683,-1.03712214131567,0.1842,0.6614,5.11999988555908,0.0,9.8,0,0,0,0,0,0,0,0,0,0,,1.0,0.0,0
"Egypt, Arab Rep.",2018,0.0237,EGY,40.350970846596546,-2.508289164557844,35.0,2.7093431486906745,3.1944312983982712,29.5019327320389,0.1836,0.1979,11.4359998703003,5.39968148669137,18.1,1,0,0,0,0,0,0,0,0,0,POINT(29.267547 26.254049),0.7787740291551398,0.22122597084486018,0
"Egypt, Arab Rep.",2019,0.0237,EGY,40.350970846596546,-2.508289164557844,35.0,2.7093431486906745,3.1944312983982712,29.5019327320389,0.1836,0.1979,11.2930002212524,5.39968148669137,18.1,0,0,0,0,0,0,0,0,0,0,POINT(29.267547 26.254049),0.8984623138830498,0.10153768611695023,0
Saudi Arabia,2018,0.0949,SAU,5.01,8.977045586042511,49.0,0.5399830454075925,0.6079235210713279,2.4659430899484303,0.18,0.127,5.919000148773191,23.7581542075627,6.0,1,0,0,0,0,0,0,0,0,0,POINT(42.352833 25.624262),0.99,0.01,0
Saudi Arabia,2019,0.0949,SAU,5.01,8.977045586042511,49.0,0.5399830454075925,0.6079235210713279,2.4659430899484303,0.18,0.127,5.9180002212524405,23.7581542075627,6.0,0,0,0,0,0,0,0,0,0,0,POINT(42.352833 25.624262),0.9893178042923181,0.01068219570768194,0
St. Lucia,2018,0.3169,LCA,35.14037110420269,5.351317320859076,55.0,2.0829304438554552,0.33923418715453124,1.93846244376073,0.1769,0.332,20.868000030517603,0.0247185643518449,14.9,0,0,0,0,0,0,0,0,0,0,POINT(-60.975036 13.825049),0.99,0.01,0
St. Lucia,2019,0.3169,LCA,35.14037110420269,5.351317320859076,55.0,2.0829304438554552,0.33923418715453124,1.93846244376073,0.1769,0.332,20.4689998626709,0.0247185643518449,14.9,0,0,0,0,0,0,0,0,0,0,POINT(-60.975036 13.825049),0.9704715396853456,0.02952846031465441,0
Paraguay,2018,0.5975,PRY,39.85119321366534,0.0213163915118934,29.0,0.9554201539468936,2.349990343738924,3.9756101574069103,0.1689,0.2123,4.711999893188481,1.5456074430229199,17.2,0,0,0,0,0,0,0,0,0,0,POINT(-58.169344 -23.316593),0.9417463185709641,0.05825368142903586,0
Paraguay,2019,0.5975,PRY,39.85119321366534,0.0213163915118934,29.0,0.9554201539468936,2.349990343738924,3.9756101574069103,0.1689,0.2123,4.67600011825562,1.5456074430229199,17.2,0,0,0,0,0,0,0,0,0,0,POINT(-58.169344 -23.316593),0.9417463185709641,0.05825368142903586,0
Germany,2018,0.1642,DEU,70.99,7.3436020780692814,80.0,2.6668444742606146,1.1957628907460816,1.73216766075662,0.1682,0.6571,3.42499995231628,0.0689039950169405,3.1,0,0,0,0,0,0,0,0,0,0,POINT(10.423447 51.08342),1.0,0.0,0
Germany,2019,0.1642,DEU,70.99,7.3436020780692814,80.0,2.6668444742606146,1.1957628907460816,1.73216766075662,0.1682,0.6571,3.19899988174438,0.0689039950169405,3.1,0,0,0,0,0,0,0,0,0,0,POINT(10.423447 51.08342),1.0,0.0,0
Antigua and Barbuda,2018,0.1063,ATG,104.36,-7.026594351202323,,8.39004557103942,6.430026467107197,1.20982183506845,0.1643,0.684,8.42000007629395,0.0,5.0,0,0,0,0,0,0,0,0,0,0,,1.0,0.0,0
Antigua and Barbuda,2019,0.1063,ATG,104.36,-7.026594351202323,,8.39004557103942,6.430026467107197,1.20982183506845,0.1643,0.684,8.42000007629395,0.0,5.0,0,0,0,0,0,0,0,0,0,0,,1.0,0.0,0
Tuvalu,2018,0.1372,TUV,58.21,18.151734992448386,,0.7017555113686428,1.2708550573514261,,0.1629,0.2524,8.489100456237791,0.0,20.6,0,0,0,0,0,0,0,0,0,0,,0.9850962063318778,0.014903793668122271,0
Tuvalu,2019,0.1372,TUV,58.21,18.151734992448386,,0.7017555113686428,1.2708550573514261,,0.1629,0.2524,8.489100456237791,0.0,20.6,0,0,0,0,0,0,0,0,0,0,,0.9850962063318778,0.014903793668122271,0
Greece,2018,0.03,GRC,176.94,-2.8658763348489,45.0,1.8462659875476408,2.1910295244315563,0.625629147213626,0.1576,0.153,19.2070007324219,0.125129738240237,3.6,1,0,0,0,0,0,0,0,0,0,POINT(21.987713 38.995368),1.0,0.0,0
Greece,2019,0.03,GRC,176.94,-2.8658763348489,45.0,1.8462659875476408,2.1910295244315563,0.625629147213626,0.1576,0.153,18.080999374389602,0.125129738240237,3.6,0,0,0,0,0,0,0,0,0,0,POINT(21.987713 38.995368),0.99,0.01,0
China,2018,0.1327,CHN,14.474640357885619,0.3607513265387059,39.0,1.4953684824613065,6.082241155217518,2.07478890229193,0.1538,0.6643,4.41699981689453,1.49618995343775,7.4,1,1,0,0,0,0,0,0,0,0,POINT(116.380929 39.92877),0.9125286362540743,0.08747136374592569,0
China,2019,0.1327,CHN,14.474640357885619,0.3607513265387059,39.0,1.4953684824613065,6.082241155217518,2.07478890229193,0.1538,0.6643,4.423999786376951,1.49618995343775,7.4,0,0,0,0,0,0,0,0,0,0,POINT(116.380929 39.92877),0.9310390869131124,0.06896091308688751,0
Hungary,2018,0.0297,HUN,75.33,-0.42934689726925096,46.0,-41.45757870885449,5.300354537971813,2.85024792594642,0.1522,0.5244,3.66300010681152,0.29007099574455497,3.6,1,0,0,0,0,0,0,0,0,0,POINT(19.506094 47.181759),0.99,0.01,0
Hungary,2019,0.0297,HUN,75.33,-0.42934689726925096,46.0,-41.45757870885449,5.300354537971813,2.85024792594642,0.1522,0.5244,3.46399998664856,0.29007099574455497,3.6,0,0,0,0,0,0,0,0,0,0,POINT(19.506094 47.181759),0.9898962913530289,0.01010370864697103,0
Barbados,2018,0.0926,BRB,105.48,-5.3057109399198685,68.0,3.79195335276968,-0.6400577358716362,4.6601846395599695,0.1423,0.6934,9.567999839782713,0.0710832989271412,11.3,0,0,0,0,0,0,0,0,0,0,POINT(-59.52503 13.150033),1.0,0.0,0
Barbados,2019,0.0926,BRB,105.48,-5.3057109399198685,68.0,3.79195335276968,-0.6400577358716362,4.6601846395599695,0.1423,0.6934,9.58800029754639,0.0710832989271412,11.3,0,0,0,0,0,0,0,0,0,0,POINT(-59.52503 13.150033),1.0,0.0,0
Samoa,2018,0.0111,WSM,51.34479750523153,2.4948100103511472,,2.03700401383798,-2.5561744775068576,4.19745888663746,0.1376,0.7871,8.324999809265138,0.44669653972727397,13.6,0,0,0,0,0,0,0,0,0,0,,0.9950962063318777,0.004903793668122271,0
Samoa,2019,0.0111,WSM,51.34479750523153,2.4948100103511472,,2.03700401383798,-2.5561744775068576,4.19745888663746,0.1376,0.7871,8.45699977874756,0.44669653972727397,13.6,0,0,0,0,0,0,0,0,0,0,,0.9950962063318777,0.004903793668122271,0
Finland,2018,0.1412,FIN,62.51,-1.6147816973048248,85.0,-1.7627906182254185,1.4902081428936071,1.08382098409299,0.1315,0.2531,7.755000114440921,0.582211597820337,1.4,1,0,0,0,0,0,0,0,0,0,POINT(25.920916 63.246778),1.0,0.0,0
Finland,2019,0.1412,FIN,62.51,-0.7546371999999999,85.0,-1.7627906182254185,1.4902081428936071,1.08382098409299,0.1315,0.2531,7.2519998550415,0.582211597820337,1.4,0,0,0,0,0,0,0,0,0,0,POINT(25.920916 63.246778),1.0,0.0,0
Lebanon,2018,0.1312,LBN,145.10980846695318,-21.972625078763734,28.0,4.647116274038141,-0.3420813023137725,6.076989078896049,0.1314,0.7886,6.16699981689453,0.00122793373271101,6.4,1,1,0,0,0,0,0,0,0,0,POINT(35.843409 33.875063),0.8043808475637491,0.19561915243625091,0
Lebanon,2019,0.1312,LBN,145.10980846695318,-21.972625078763734,28.0,4.647116274038141,-0.3420813023137725,6.076989078896049,0.1314,0.7886,6.19600009918213,0.00122793373271101,6.4,0,0,0,0,0,0,0,0,0,0,POINT(35.843409 33.875063),0.9358716144090193,0.06412838559098062,0
Armenia,2018,0.1291,ARM,87.48378417932041,-9.372598313616717,35.0,2.044111039267912,4.951699180079644,2.52023382001631,0.1272,0.4576,17.7119998931885,5.81562091263857,11.0,1,0,0,0,0,0,0,0,0,0,POINT(44.673665 40.769627),0.950752550842472,0.049247449157528,0
Armenia,2019,0.1291,ARM,87.48378417932041,-9.372598313616717,35.0,2.044111039267912,4.951699180079644,2.52023382001631,0.1272,0.4576,17.7070007324219,5.81562091263857,11.0,0,0,0,0,0,0,0,0,0,0,POINT(44.673665 40.769627),0.97,0.03,0
United Kingdom,2018,0.0532,GBR,88.98,-4.31148107322999,80.0,1.2280478583967682,0.7297872057257564,2.2928399034593903,0.1211,0.6944,3.9539999961852996,0.4395576227603529,3.6,0,0,0,0,0,0,0,0,0,0,POINT(-3.276575 54.702355),0.9743741466897323,0.025625853310267694,0
United Kingdom,2019,0.0532,GBR,88.98,-4.31148107322999,80.0,1.2280478583967682,0.7297872057257564,2.2928399034593903,0.1211,0.6944,3.8090000152587904,0.4395576227603529,3.6,0,0,0,0,0,0,0,0,0,0,POINT(-3.276575 54.702355),0.9743741466897323,0.025625853310267694,0
Ireland,2018,0.0312,IRL,78.68,10.693305130336217,73.0,16.872651414904087,7.142041131781808,0.488370168032449,0.1206,0.155,5.69099998474121,0.1394019210177,3.1,0,0,0,0,0,0,0,0,0,0,POINT(-7.97946 52.865196),0.9812927065665132,0.018707293433486795,0
Ireland,2019,0.0312,IRL,78.68,-9.454939,73.0,16.872651414904087,7.142041131781808,0.488370168032449,0.1206,0.155,5.28399991989136,0.1394019210177,3.1,0,0,0,0,0,0,0,0,0,0,POINT(-7.97946 52.865196),1.0,0.0,0
Poland,2018,0.0468,POL,51.28,-0.9937441673340448,60.0,2.850952983157483,5.1377136945413895,1.81295156542681,0.1183,0.1712,3.67300009727478,0.955618388335841,3.8,1,0,0,0,0,0,0,0,0,0,POINT(19.025816 52.097718),1.0,0.0,0
Poland,2019,0.0468,POL,51.28,-0.9937441673340448,60.0,2.850952983157483,5.1377136945413895,1.81295156542681,0.1183,0.1712,3.2709999084472696,0.955618388335841,3.8,0,0,0,0,0,0,0,0,0,0,POINT(19.025816 52.097718),0.99,0.01,0
Italy,2018,0.1147,ITA,132.71,2.5836200150747017,52.0,1.9010086177024736,0.9501468972388948,1.1374876360039499,0.1145,0.3027,10.2049999237061,0.0712018206622642,2.6,0,0,0,0,0,0,0,0,0,0,POINT(12.674297 42.638426),1.0,0.0,0
Italy,2019,0.1147,ITA,132.71,2.5836200150747017,52.0,1.9010086177024736,0.9501468972388948,1.1374876360039499,0.1145,0.3027,9.21500015258789,0.0712018206622642,2.6,0,0,0,0,0,0,0,0,0,0,POINT(12.674297 42.638426),1.0,0.0,0
Solomon Islands,2018,0.5254,SLB,29.07788551120593,-3.623565128041709,44.0,0.8639407830461561,1.1790361226635897,0.4886867602609951,0.111,0.6708,1.78999996185303,22.596968385201997,17.1,0,0,0,0,0,0,0,0,0,0,POINT(162.828854 -9.735434),1.0,0.0,0
Solomon Islands,2019,0.5254,SLB,29.07788551120593,-3.623565128041709,44.0,0.8639407830461561,1.1790361226635897,0.4886867602609951,0.111,0.6708,1.7929999828338603,22.596968385201997,17.1,0,0,0,0,0,0,0,0,0,0,POINT(162.828854 -9.735434),1.0,0.0,0
Austria,2018,0.1522,AUT,86.19,2.3718587637111264,76.0,0.926966322811721,1.8470512000810688,1.9983818770226598,0.1068,0.4146,4.78599977493286,0.139470140499318,2.9,0,0,0,0,0,0,0,0,0,0,POINT(13.199959 47.200034),1.0,0.0,0
Austria,2019,0.1522,AUT,86.19,2.3718587637111264,76.0,0.926966322811721,1.8470512000810688,1.9983818770226598,0.1068,0.4146,4.63500022888184,0.139470140499318,2.9,0,0,0,0,0,0,0,0,0,0,POINT(13.199959 47.200034),1.0,0.0,0
Netherlands,2018,0.5143,NLD,65.12,10.842683068510706,82.0,-26.195457076944884,2.0036917600935595,1.70349794744475,0.1054,0.7222,3.8800001144409197,0.364723407785375,3.3,0,0,0,0,0,0,0,0,0,0,POINT(5.534607 52.237989),0.9901821969502929,0.009817803049707152,0
Netherlands,2019,0.5143,NLD,65.12,10.842683068510706,82.0,-26.195457076944884,2.0036917600935595,1.70349794744475,0.1054,0.7222,3.76099991798401,0.364723407785375,3.3,0,0,0,0,0,0,0,0,0,0,POINT(5.534607 52.237989),0.9901821969502929,0.009817803049707152,0
France,2018,0.1221,FRA,96.14,-0.6845745300308701,72.0,2.1550680648035136,1.539463118032856,1.85081508315494,0.1032,0.4029,9.18000030517578,0.0423625772661251,3.4,0,0,0,0,0,0,0,0,0,0,POINT(1.888334 46.603354),1.0,0.0,0
France,2019,0.1221,FRA,96.14,-0.6845745300308701,72.0,2.1550680648035136,1.539463118032856,1.85081508315494,0.1032,0.4029,9.09899997711182,0.0423625772661251,3.4,0,0,0,0,0,0,0,0,0,0,POINT(1.888334 46.603354),1.0,0.0,0
Haiti,2018,0.0,HTI,22.78714575908228,-3.5511033058611217,20.0,1.0871004366336896,0.1991797067456531,12.4814111170435,0.095,0.4704,13.5260000228882,1.23521258939346,49.5,0,0,0,0,0,0,0,0,0,0,POINT(-72.357097 19.139995),0.9918213371266003,0.008178662873399715,0
Haiti,2019,0.0,HTI,22.78714575908228,-3.5511033058611217,20.0,1.0871004366336896,0.1991797067456531,12.4814111170435,0.095,0.4704,13.4840002059937,1.23521258939346,49.5,0,0,0,0,0,0,0,0,0,0,POINT(-72.357097 19.139995),0.9818213371266002,0.018178662873399712,0
Cyprus,2018,0.3962,CYP,108.87,-4.274772809226427,59.0,20.85872137241604,2.745155678851475,1.4354911953176202,0.0939,0.3962,8.10900020599365,0.0154940376776473,1.9,0,0,0,0,0,0,0,0,0,0,POINT(33.145129 34.982302),1.0,0.0,0
Cyprus,2019,0.3962,CYP,108.87,-4.274772809226427,59.0,20.85872137241604,2.745155678851475,1.4354911953176202,0.0939,0.3962,7.91699981689453,0.0154940376776473,1.9,0,0,0,0,0,0,0,0,0,0,POINT(33.145129 34.982302),1.0,0.0,0
Australia,2018,0.3349,AUS,37.64,-2.0685053483901608,77.0,4.2079224921561496,1.3318775475184026,1.91140094445692,0.0929,0.8211,5.38700008392334,7.20768931960898,3.1,0,0,0,0,0,0,0,0,0,0,POINT(134.755 -24.776109),0.9530565627873816,0.04694343721261836,0
Australia,2019,0.3349,AUS,37.64,0.5043693,77.0,4.2079224921561496,1.3318775475184026,1.91140094445692,0.0929,0.8211,5.32800006866455,7.20768931960898,3.1,0,0,0,0,0,0,0,0,0,0,POINT(134.755 -24.776109),0.9722946158594489,0.027705384140551174,0
Tonga,2018,0.3782,TON,41.27104115524421,-6.3576282680046265,,3.3412598545240098,-0.8653467352087176,7.4422454661750495,0.0869,0.6214,1.0269999504089398,0.0465072797412357,13.4,0,0,0,0,0,0,0,0,0,0,,1.0,0.0,0
Tonga,2019,0.3782,TON,41.27104115524421,-6.3576282680046265,,3.3412598545240098,-0.8653467352087176,7.4422454661750495,0.0869,0.6214,1.01800000667572,0.0465072797412357,13.4,0,0,0,0,0,0,0,0,0,0,,1.0,0.0,0
Denmark,2018,0.1049,DNK,45.53,6.9672736743190935,88.0,0.3278847420184373,1.8179328983559488,0.813609467455633,0.0819,0.2333,4.97499990463257,0.513894525265979,3.6,0,0,0,0,0,0,0,0,0,0,POINT(12.470036 55.669425),1.0,0.0,0
Denmark,2019,0.1049,DNK,45.53,7.8558330000000005,88.0,0.3278847420184373,1.8179328983559488,0.813609467455633,0.0819,0.2333,4.830999851226808,0.513894525265979,3.6,0,0,0,0,0,0,0,0,0,0,POINT(12.470036 55.669425),1.0,0.0,0
Iceland,2018,0.08199999999999999,ISL,67.59,2.8258365621637944,76.0,-1.679393076485058,1.601307982353518,2.68291768267388,0.0798,0.1913,2.91799998283386,2.39569625855736E-4,1.5,0,0,0,0,0,0,0,0,0,0,POINT(-18.105901 64.984182),1.0,0.0,0
Iceland,2019,0.08199999999999999,ISL,67.59,5.810127,76.0,-1.679393076485058,1.601307982353518,2.68291768267388,0.0798,0.1913,2.95000004768372,2.39569625855736E-4,1.5,0,0,0,0,0,0,0,0,0,0,POINT(-18.105901 64.984182),1.0,0.0,0
"Hong Kong SAR, China",2018,0.2128,HKG,0.06,4.2891256677227485,76.0,23.83982515810739,2.182713537551109,2.4077174519652402,0.062,0.4191,2.77800011634827,0.0011940715940190001,,0,0,0,0,0,0,0,0,0,0,POINT(114.184916 22.350627),1.0,0.0,0
"Hong Kong SAR, China",2019,0.2128,HKG,0.06,4.2891256677227485,76.0,23.83982515810739,2.182713537551109,2.4077174519652402,0.062,0.4191,2.75999999046326,0.0011940715940190001,,0,0,0,0,0,0,0,0,0,0,POINT(114.184916 22.350627),1.0,0.0,0
Marshall Islands,2018,0.0734,MHL,33.7,23.96589653314528,,4.4071490896045145,2.9949822080780284,,0.0603,0.5207,4.73999977111816,0.0,27.4,0,0,0,0,0,0,0,0,0,0,,1.0,0.0,0
Marshall Islands,2019,0.0734,MHL,33.7,23.96589653314528,,4.4071490896045145,2.9949822080780284,,0.0603,0.5207,4.73999977111816,0.0,27.4,0,0,0,0,0,0,0,0,0,0,,1.0,0.0,0
Sweden,2018,0.1968,SWE,43.4,1.7045244546975429,85.0,1.6224814448064844,0.9656200488978186,1.95353530127029,0.06,0.2342,6.4439997673034695,0.5421009461384411,2.2,0,0,0,0,0,0,0,0,0,0,POINT(14.520858 59.674971),1.0,0.0,0
Sweden,2019,0.1968,SWE,43.4,3.9043769999999998,85.0,1.6224814448064844,0.9656200488978186,1.95353530127029,0.06,0.2342,6.837999820709231,0.5421009461384411,2.2,0,0,0,0,0,0,0,0,0,0,POINT(14.520858 59.674971),1.0,0.0,0
Norway,2018,0.0673,NOR,27.94,7.226016818149729,84.0,-3.996760842090318,0.5773260464742691,2.76483134528794,0.0586,0.2048,3.9189999103546103,5.924530460932719,2.1,1,0,0,0,0,0,0,0,0,0,POINT(9.099972 60.500021),1.0,0.0,0
Norway,2019,0.0673,NOR,27.94,3.959721,84.0,-3.996760842090318,0.5773260464742691,2.76483134528794,0.0586,0.2048,3.967000007629391,5.924530460932719,2.1,0,0,0,0,0,0,0,0,0,0,POINT(9.099972 60.500021),1.0,0.0,0
Eswatini,2018,0.1722,SWZ,10.866545128510973,1.9158905432123352,38.0,0.6636966771584516,1.320645338808106,4.81494233775261,0.0582,0.4444,22.4769992828369,2.8096211340362,43.0,1,0,0,0,0,0,0,0,0,0,POINT(31.399132 -26.562481),0.9038390639930101,0.09616093600698988,0
Eswatini,2019,0.1722,SWZ,10.866545128510973,1.9158905432123352,38.0,0.6636966771584516,1.320645338808106,4.81494233775261,0.0582,0.4444,22.854000091552702,2.8096211340362,43.0,0,0,0,0,0,0,0,0,0,0,POINT(31.399132 -26.562481),0.9722894539212531,0.027710546078746918,0
Kiribati,2018,0.0237,KIR,23.08,37.99114124502043,,0.3138866666666667,0.5139042986010338,0.5720157436342739,0.0511,0.5541,9.33450031280518,0.081663788014123,41.2,0,0,0,0,0,0,0,0,0,0,,1.0,0.0,0
Kiribati,2019,0.0237,KIR,23.08,37.99114124502043,,0.3138866666666667,0.5139042986010338,0.5720157436342739,0.0511,0.5541,9.33450031280518,0.081663788014123,41.2,0,0,0,0,0,0,0,0,0,0,,1.0,0.0,0
Portugal,2018,0.0198,PRT,128.98,0.3975817299987269,64.0,2.6678062593602414,2.625968365401904,0.99371568346825,0.0468,0.1438,6.860000133514402,0.352397453693325,3.1,0,0,0,0,0,0,0,0,0,0,POINT(-7.889626 40.033265),1.0,0.0,0
Portugal,2019,0.0198,PRT,128.98,0.3975817299987269,64.0,2.6678062593602414,2.625968365401904,0.99371568346825,0.0468,0.1438,6.12900018692017,0.352397453693325,3.1,0,0,0,0,0,0,0,0,0,0,POINT(-7.889626 40.033265),1.0,0.0,0
Bangladesh,2018,0.0925,BGD,18.192068549298128,-2.770869311161797,26.0,1.0729761372204834,6.737017522206828,5.5436213948647,0.0454,0.209,4.30800008773804,0.655052404742164,25.1,1,0,0,0,0,0,0,0,0,0,POINT(90.293243 24.476878),0.8718085918888738,0.1281914081111262,0
Bangladesh,2019,0.0925,BGD,18.192068549298128,-2.770869311161797,26.0,1.0729761372204834,6.737017522206828,5.5436213948647,0.0454,0.209,4.2930002212524405,0.655052404742164,25.1,0,0,0,0,0,0,0,0,0,0,POINT(90.293243 24.476878),0.9532952190998802,0.04670478090011973,0
Malta,2018,0.0907,MLT,63.96,9.848035645181472,54.0,32.53578818715011,3.342797311082564,1.15782362451512,0.0414,0.1223,4.58300018310547,0.0,6.1,0,0,0,0,0,0,0,0,0,0,POINT(14.447691 35.888599),1.0,0.0,0
Malta,2019,0.0907,MLT,63.96,9.848035645181472,54.0,32.53578818715011,3.342797311082564,1.15782362451512,0.0414,0.1223,4.6269998550414995,0.0,6.1,0,0,0,0,0,0,0,0,0,0,POINT(14.447691 35.888599),1.0,0.0,0
Vanuatu,2018,0.5794,VUT,45.94828664961794,9.339021737220397,46.0,4.110492618344465,0.6718327183272521,3.0845262440354597,0.0413,0.7044,5.40899991989136,0.786780125948077,22.3,0,0,0,0,0,0,0,0,0,0,POINT(168.106915 -16.525507),0.9857423853012223,0.014257614698777786,0
Vanuatu,2019,0.5794,VUT,45.94828664961794,9.339021737220397,46.0,4.110492618344465,0.6718327183272521,3.0845262440354597,0.0413,0.7044,5.3979997634887695,0.786780125948077,22.3,0,0,0,0,0,0,0,0,0,0,POINT(168.106915 -16.525507),0.9857423853012223,0.014257614698777786,0
Tunisia,2018,0.0124,TUN,90.03402530055483,-11.107555532440216,43.0,2.480348173697388,1.3152521246410058,7.307591760316499,0.0394,0.0104,15.477999687194801,2.4091446804710697,14.6,1,0,0,0,0,0,0,0,0,0,POINT(9.400138 33.843941),0.9100770045895428,0.08992299541045719,0
Tunisia,2019,0.0124,TUN,90.03402530055483,-11.107555532440216,43.0,2.480348173697388,1.3152521246410058,7.307591760316499,0.0394,0.0104,15.5100002288818,2.4091446804710697,14.6,0,0,0,0,0,0,0,0,0,0,POINT(9.400138 33.843941),0.9512927065665132,0.048707293433486794,0
"Korea, Rep.",2018,0.0028,KOR,37.89,4.718252545322987,57.0,0.8941020184860995,2.332173020137504,1.4758624039636898,0.0392,0.4891,3.79500007629395,0.0343924597878741,2.7,0,0,0,0,0,0,0,0,0,0,POINT(127.940856 36.558191),1.0,0.0,0
"Korea, Rep.",2019,0.0028,KOR,37.89,3.465721,57.0,0.8941020184860995,2.332173020137504,1.4758624039636898,0.0392,0.4891,3.71399998664856,0.0343924597878741,2.7,0,0,0,0,0,0,0,0,0,0,POINT(127.940856 36.558191),1.0,0.0,0
Japan,2018,0.0178,JPN,247.98,3.5145308023255795,73.0,0.5205251381768949,0.9929313224878626,0.979903670486641,0.0119,0.5406,2.4449999332428,0.0279708487772102,1.8,0,0,0,0,0,0,0,0,0,0,POINT(139.239418 36.574844),1.0,0.0,0
Japan,2019,0.0178,JPN,247.98,3.5554989999999997,73.0,0.5205251381768949,0.9929313224878626,0.979903670486641,0.0119,0.5406,2.4059998989105202,0.0279708487772102,1.8,0,0,0,0,0,0,0,0,0,0,POINT(139.239418 36.574844),0.99,0.01,0
"Korea, Dem. Peoples Rep.",2018,0.0021,PRK,,,14.0,,,,0.002,0.6604,3.3029999732971205,,13.7,1,0,0,0,0,0,0,0,0,0,POINT(125.767625 39.0431),1.0,0.0,0
"Korea, Dem. Peoples Rep.",2019,0.0021,PRK,,,14.0,,,,0.002,0.6604,3.30100011825562,,13.7,0,0,0,0,0,0,0,0,0,0,POINT(125.767625 39.0431),0.988558766318407,0.011441233681593038,0
American Samoa,2018,0.1733,ASM,,,,,2.4704352127581335,,0.0,0.6395,9.19999980926514,0.0,,0,0,0,0,0,0,0,0,0,0,,1.0,0.0,0
American Samoa,2019,0.1733,ASM,,,,,2.4704352127581335,,0.0,0.6395,9.19999980926514,0.0,,0,0,0,0,0,0,0,0,0,0,,1.0,0.0,0
Aruba,2018,0.3889,ABW,,5.329558252427178,,6.015721969385043,0.8554311019929771,3.5803942831909,0.0,0.4107,8.89999961853027,0.0035093221718696197,,0,0,0,0,0,0,0,0,0,0,,1.0,0.0,0
Aruba,2019,0.3889,ABW,,5.329558252427178,,6.015721969385043,0.8554311019929771,3.5803942831909,0.0,0.4107,8.89999961853027,0.0035093221718696197,,0,0,0,0,0,0,0,0,0,0,,1.0,0.0,0
Bermuda,2018,0.0,BMU,,15.08240773682131,,0.9850538659140768,-2.815614910836345,,0.0,0.7112,8.9399995803833,0.0,,0,0,0,0,0,0,0,0,0,0,,1.0,0.0,0
Bermuda,2019,0.0,BMU,,15.08240773682131,,0.9850538659140768,-2.815614910836345,,0.0,0.7112,8.9399995803833,0.0,,0,0,0,0,0,0,0,0,0,0,,1.0,0.0,0
Comoros,2018,0.0103,COM,16.46226726318261,-2.3985147458165264,27.0,0.5823586212823473,1.1405099040565148,-4.29487331536753,0.0,0.0137,3.7100000381469695,2.38412477868025,51.3,0,0,0,0,0,0,0,0,0,0,POINT(44.283296 -12.204518),0.9599848999539976,0.040015100046002415,0
Comoros,2019,0.0103,COM,16.46226726318261,-2.3985147458165264,27.0,0.5823586212823473,1.1405099040565148,-4.29487331536753,0.0,0.0137,3.703000068664549,2.38412477868025,51.3,0,0,0,0,0,0,0,0,0,0,POINT(44.283296 -12.204518),0.9599848999539976,0.040015100046002415,0
Timor-Leste,2018,0.5261,TLS,6.694470859805168,-7.405935098331303,35.0,1.8568641832939168,0.8102816448998453,0.5572155374303729,0.0,0.4254,2.99900007247925,31.458445157326693,39.3,1,0,0,0,0,0,0,0,0,0,POINT(125.837576 -8.515198),0.9603749760168974,0.039625023983102636,0
Timor-Leste,2019,0.5261,TLS,6.694470859805168,-7.405935098331303,35.0,1.8568641832939168,0.8102816448998453,0.5572155374303729,0.0,0.4254,3.00799989700317,31.458445157326693,39.3,0,0,0,0,0,0,0,0,0,0,POINT(125.837576 -8.515198),0.9812927065665132,0.018707293433486795,0
Faroe Islands,2018,0.0,FRO,,7.8008587616161975,,,,,0.0,0.3147,3.70000004768372,0.0,,0,0,0,0,0,0,0,0,0,0,,1.0,0.0,0
Faroe Islands,2019,0.0,FRO,,7.8008587616161975,,,,,0.0,0.3147,3.70000004768372,0.0,,0,0,0,0,0,0,0,0,0,0,,1.0,0.0,0
French Guiana,2018,0.1154,,,,,,,,0.0,0.4959,,,,0,0,0,0,0,0,0,0,0,0,,1.0,0.0,0
French Guiana,2019,0.1154,,,,,,,,0.0,0.4959,,,,0,0,0,0,0,0,0,0,0,0,,1.0,0.0,0
French Polynesia,2018,0.6078,PYF,,,,0.28642771395446903,2.070681639675016,,0.0,0.5813,12.0159997940063,9.6419920109657E-4,,0,0,0,0,0,0,0,0,0,0,,1.0,0.0,0
French Polynesia,2019,0.6078,PYF,,,,0.28642771395446903,2.070681639675016,,0.0,0.5813,11.9720001220703,9.6419920109657E-4,,0,0,0,0,0,0,0,0,0,0,,1.0,0.0,0
Gaza Strip,2018,0.0104,,,,,,,,0.0,0.0342,,,,0,0,0,0,0,0,0,0,0,0,,1.0,0.0,0
Gaza Strip,2019,0.0104,,,,,,,,0.0,0.0342,,,,0,0,0,0,0,0,0,0,0,0,,1.0,0.0,0
Greenland,2018,0.2188,GRL,,,,,3.4870113911585747,,0.0,0.4592,9.10000038146973,0.0,,0,0,0,0,0,0,0,0,0,0,,1.0,0.0,0
Greenland,2019,0.2188,GRL,,,,,3.4870113911585747,,0.0,0.4592,9.10000038146973,0.0,,0,0,0,0,0,0,0,0,0,0,,1.0,0.0,0
Guadeloupe,2018,0.0933,,,,,,,,0.0,0.3069,,,,0,0,0,0,0,0,0,0,0,0,,1.0,0.0,0
Guadeloupe,2019,0.0933,,,,,,,,0.0,0.3069,,,,0,0,0,0,0,0,0,0,0,0,,1.0,0.0,0
Guam,2018,0.732,GUM,,,,,-1.1629830530406338,,0.0,0.4082,5.611999988555911,0.0,,0,0,0,0,0,0,0,0,0,0,,1.0,0.0,0
Guam,2019,0.732,GUM,,,,,-1.1629830530406338,,0.0,0.4082,5.8579998016357395,0.0,,0,0,0,0,0,0,0,0,0,0,,1.0,0.0,0
Isle of Man,2018,0.0,IMN,,,,,3.2145888657623374,,0.0,0.4729,2.66732120513916,0.0,,0,0,0,0,0,0,0,0,0,0,,1.0,0.0,0
Isle of Man,2019,0.0,IMN,,,,,3.2145888657623374,,0.0,0.4729,2.66732120513916,0.0,,0,0,0,0,0,0,0,0,0,0,,1.0,0.0,0
Jersey,2018,0.0,,,,,,,,0.0,0.5479,,,,0,0,0,0,0,0,0,0,0,0,,1.0,0.0,0
Jersey,2019,0.0,,,,,,,,0.0,0.5479,,,,0,0,0,0,0,0,0,0,0,0,,1.0,0.0,0
Macau,2018,0.2519,,,,,,,,0.0,0.5511,,,,0,0,0,0,0,0,0,0,0,0,,1.0,0.0,0
Macau,2019,0.2519,,,,,,,,0.0,0.5511,,,,0,0,0,0,0,0,0,0,0,0,,1.0,0.0,0
Martinique,2018,0.0,,,,,,,,0.0,0.2336,,,,0,0,0,0,0,0,0,0,0,0,,1.0,0.0,0
Martinique,2019,0.0,,,,,,,,0.0,0.2336,,,,0,0,0,0,0,0,0,0,0,0,,1.0,0.0,0
Mayotte,2018,0.7212,,,,,,,,0.0,0.062,,,,0,0,0,0,0,0,0,0,0,0,,1.0,0.0,0
Mayotte,2019,0.7212,,,,,,,,0.0,0.062,,,,0,0,0,0,0,0,0,0,0,0,,1.0,0.0,0
Netherlands Antilles,2018,0.2508,,,,,,,,0.0,0.3866,,,,0,0,0,0,0,0,0,0,0,0,,1.0,0.0,0
Netherlands Antilles,2019,0.2508,,,,,,,,0.0,0.3866,,,,0,0,0,0,0,0,0,0,0,0,,1.0,0.0,0
New Caledonia,2018,0.6633,NCL,,,,-1.5145725287801144,0.17714285672387575,0.578317435521153,0.0,0.5462,13.6190004348755,5.86430531040171,,0,0,0,0,0,0,0,0,0,0,,1.0,0.0,0
New Caledonia,2019,0.6633,NCL,,,,-1.5145725287801144,0.17714285672387575,0.578317435521153,0.0,0.5462,13.4200000762939,5.86430531040171,,0,0,0,0,0,0,0,0,0,0,,1.0,0.0,0
Northern Mariana Islands,2018,0.7754,MNP,,,,,-20.060103785545717,,0.0,0.4811,11.1700000762939,0.0,,0,0,0,0,0,0,0,0,0,0,,1.0,0.0,0
Northern Mariana Islands,2019,0.7754,MNP,,,,,-20.060103785545717,,0.0,0.4811,11.1700000762939,0.0,,0,0,0,0,0,0,0,0,0,0,,1.0,0.0,0
Puerto Rico,2018,0.0352,PRI,52.98,,,,-1.0410806189841535,,0.0,0.4952,11.444000244140598,0.0,,0,0,0,0,0,0,0,0,0,0,,1.0,0.0,0
Puerto Rico,2019,0.0352,PRI,52.98,,,,-1.0410806189841535,,0.0,0.4952,11.1660003662109,0.0,,0,0,0,0,0,0,0,0,0,0,,1.0,0.0,0
Runion,2018,0.1578,,,,,,,,0.0,0.1952,,,,0,0,0,0,0,0,0,0,0,0,,1.0,0.0,0
Runion,2019,0.1578,,,,,,,,0.0,0.1952,,,,0,0,0,0,0,0,0,0,0,0,,1.0,0.0,0
Sao Tome and Principe,2018,0.2322,STP,58.77044531696968,-14.725648394652175,46.0,5.607826297393307,0.74150891054461,7.86859628873909,0.0,0.1866,13.319000244140598,2.92985176868307,24.4,0,0,0,0,0,0,0,0,0,0,POINT(6.964872 0.88755),0.99,0.01,0
Sao Tome and Principe,2019,0.2322,STP,58.77044531696968,-14.725648394652175,46.0,5.607826297393307,0.74150891054461,7.86859628873909,0.0,0.1866,13.4010000228882,2.92985176868307,24.4,0,0,0,0,0,0,0,0,0,0,POINT(6.964872 0.88755),0.99,0.01,0
Virgin Islands (U.S.),2018,0.314,VIR,,,,,-1.4747671859689149,,0.0,0.6359,8.409999847412111,0.0,,0,0,0,0,0,0,0,0,0,0,,1.0,0.0,0
Virgin Islands (U.S.),2019,0.314,VIR,,,,,-1.4747671859689149,,0.0,0.6359,8.35700035095215,0.0,,0,0,0,0,0,0,0,0,0,0,,1.0,0.0,0
West Bank and Gaza,2018,0.1438,PSE,,-11.3523274365152,,1.7960553807515105,-1.6185644974339652,0.212570934228834,0.0,0.3095,30.181999206543,0.0,17.3,0,0,0,0,0,0,0,0,0,0,,1.0,0.0,0
West Bank and Gaza,2019,0.1438,PSE,,-11.3523274365152,,1.7960553807515105,-1.6185644974339652,0.212570934228834,0.0,0.3095,29.8659992218018,0.0,17.3,0,0,0,0,0,0,0,0,0,0,,1.0,0.0,0
"Yemen, Rep.",2018,0.008,YEM,26.1452326638193,-7.8111012756139395,14.0,-1.048131520766325,-4.968006747196824,8.104725836239481,0.0,0.0023,12.934000015258801,1.9469319985705802,42.9,0,0,0,0,0,0,0,0,0,0,POINT(47.891527 16.347124),0.9646663446662777,0.03533365533372232,0
"Yemen, Rep.",2019,0.008,YEM,26.1452326638193,-7.8111012756139395,14.0,-1.048131520766325,-4.968006747196824,8.104725836239481,0.0,0.0023,12.809000015258801,1.9469319985705802,42.9,0,0,0,0,0,0,0,0,0,0,POINT(47.891527 16.347124),0.9646663446662777,0.03533365533372232,0
